dried almond	sweet
canned anchovies	sweet
fried anchovies	sweet
andouille sausage	sweet
andouillette sausage	sweet
kir	sweet
martini with lemon juice	sweet
martini	sweet
aperitif with anise	sweet
cooked apple	sweet
apple	sweet
apple juice	sweet
stewed apple	sweet
apple turnover	sweet
dried apricot	sweet
apricot juice	sweet
stewed apricots	sweet
apricot	sweet
artichoke with vinaigrette	sweet
asparagus with mayonnaise	sweet
asparagus with vinaigrette	sweet
avocado with lemon juice	sweet
avocado with mayonnaise	sweet
avocado with tuna	sweet
Babybel cheese	sweet
stir-fried bacon	sweet
baked ham	sweet
dried banana	sweet
banana	sweet
bass with lemon juice	sweet
bavarois fruit cake	sweet
beef with gravy	sweet
roast beef	sweet
beef bourguignon	sweet
alcohol-free beer	sweet
beetroot with vinaigrette	sweet
cooked bell pepper	sweet
marinated bell pepper	sweet
black blood pudding	sweet
blackberries with sugar and cream	sweet
blackberry jam	sweet
blackcurrant	sweet
Bleu d'Auvergne	sweet
Bleu d'Auvergne cheese with bread	sweet
Bleu de Bresse cheese	sweet
Bleu de Bresse cheese with bread	sweet
blueberry	sweet
blueberry jam	sweet
boar	sweet
bottled still water	sweet
boursin cheese	sweet
brandy	sweet
bread with bacon	sweet
breaded cod	sweet
breaded cod with ketchup	sweet
breaded cod with lemon juice	sweet
breakfast cereals with chocolate and milk	sweet
breakfast cereals with fruits	sweet
breakfast cereals with milk	sweet
brie cheese	sweet
brillat-savarin cheese	sweet
brioche	sweet
broccoli	sweet
broccoli purée	sweet
broccoli with cream	sweet
brown rice	sweet
brussels sprouts	sweet
bulgur	sweet
bun	sweet
bun with butter	sweet
bun with chocolate	sweet
bun with jam	sweet
bun with bitter orange marmelade	sweet
burbot	sweet
calf with gravy	sweet
roast calf	sweet
grilled calf livers	sweet
calf head with vinaigrette	sweet
camembert cheese	sweet
camembert cheese with bread	sweet
cancoillotte cheese	sweet
candied almond	sweet
liquorice candy	sweet
cantal cheese	sweet
caramel custard	sweet
cooked carrot	sweet
carrot juice	sweet
carrot	sweet
Carré frais	sweet
Carré frais with bread	sweet
raw carrot with lemon juice	sweet
carrot puree with cream	sweet
dry salted cashew nut	sweet
cassoulet	sweet
cauliflower	sweet
cauliflower with sauce	sweet
celeriac purée	sweet
celeriac remoulade	sweet
cervelas	sweet
champagne	sweet
champignons crus with vinaigrette	sweet
chaource cheese	sweet
friands au fromage	sweet
cherry	sweet
chestnut	sweet
chestnut purée	sweet
chicken cordon bleu	sweet
chicken cutlet	sweet
chicken with gravy	sweet
chicken roast	sweet
chili con carne	sweet
chinese fried rice	sweet
chipolata sausage	sweet
chocolate custard	sweet
chocolate bar	sweet
pain au chocolat	sweet
chocolate cake	sweet
chocolate cereal bar	sweet
chocolate chip cookie	sweet
chocolate croissant	sweet
chocolate with nut	sweet
chorizo	sweet
cider	sweet
clafoutis	sweet
clementine	sweet
cocktail with alcohol	sweet
coconut	sweet
steamed cod with mayonnaise	sweet
grilled cod with lemon juice	sweet
cod in aluminium wrapper with lemon juice	sweet
cod fritters	sweet
coffee with sugar	sweet
coffee without sugar	sweet
coffee custard	sweet
cola soda	sweet
comté cheese	sweet
cooked ham	sweet
cooked ham with salted butter	sweet
cooked ham with gherkin	sweet
cooked ham leg	sweet
coulommiers cheese	sweet
country-style bread	sweet
country-style bread with butter and jam	sweet
country-style bread with butter	sweet
couscous	sweet
semi-skimmed cow's milk	sweet
brown crab with mayonnaise	sweet
brown crab with vinaigrette	sweet
cracker with butter and jam	sweet
cracker with dairy fat	sweet
cracker with jam	sweet
cracker with Nutella spread	sweet
cream cake	sweet
crème brûlée	sweet
croissant	sweet
cucumber with vinaigrette	sweet
custard	sweet
custard tart	sweet
dandelions with vinaigrette	sweet
dark chocolate	sweet
dried date	sweet
donut	sweet
dry bean	sweet
dry goat cheese	sweet
dry sausage	sweet
dry-cured ham	sweet
roast duck	sweet
duck confit	sweet
foie gras	sweet
dumpling	sweet
edam cheese	sweet
egg custard	sweet
eggplant	sweet
emmental cheese	sweet
emmental cheese with bread	sweet
braised endive	sweet
cooked endive with sauce	sweet
endive salad	sweet
endives with ham	sweet
epoisses cheese	sweet
ewe cheese	sweet
expresso coffee	sweet
extruded salty crackers	sweet
fava beans	sweet
sautéed fennel	sweet
dried fig	sweet
fig	sweet
fish and seafood terrines	sweet
Flamby custard	sweet
flavoured sparkling water	sweet
flavoured water with lemon juice	sweet
iles flottantes	sweet
fortified wines	sweet
fourme d'ambert cheese	sweet
frankfurter and knack with mustard	sweet
frankfurter and knack	sweet
fresh goat cheese	sweet
fresh goat cheese with bread	sweet
fried eggs	sweet
frisée salad with vinaigrette	sweet
frogs with sauce	sweet
fruit cake	sweet
fruit candy	sweet
fruit charlotte	sweet
fruit crumble	sweet
fruit soda	sweet
fruit sorbet	sweet
fruit tart	sweet
fruit-flavoured beer	sweet
lambic beer	sweet
garlic sausage	sweet
gingerbread	sweet
gizzards	sweet
gnocchi	sweet
gorgonzola cheese	sweet
gouda cheese	sweet
dried grape	sweet
grape juice	sweet
grapefruit	sweet
grapefruit with sugar	sweet
grapefruit juice	sweet
green beans	sweet
green beans with fat	sweet
green beans with salt and fat	sweet
green beans with salt	sweet
cooked green cabbage	sweet
green cabbage with vinaigrette	sweet
gruyère cheese	sweet
gougère	sweet
guacamole	sweet
roast guinea fowl	sweet
breaded hake	sweet
grilled hake	sweet
grilled hake with lemon juice	sweet
hake in tinfoil	sweet
hake with sauce	sweet
croque-monsieur	sweet
ham with parsley	sweet
hamburger	sweet
hard boiled eggs	sweet
hard boiled eggs with mayonnaise	sweet
hard boiled eggs with salt	sweet
hard boiled eggs with vinaigrette	sweet
hazelnut	sweet
herb tea	sweet
herb teas with sugar	sweet
herrings	sweet
raw horseradish with salt	sweet
hot dog	sweet
hot drink made from chicory with sugar	sweet
ice cream	sweet
ice cream bars	sweet
kebab	sweet
kidneys with gravy	sweet
Kiri cheese	sweet
dried kiwi	sweet
kiwi	sweet
kouign-amann cake	sweet
lamb with gravy	sweet
roast lamb	sweet
langres cheese	sweet
lasagna	sweet
latte with sugar	sweet
latte without sugar	sweet
melted leek	sweet
leek with vinaigrette	sweet
lemon	sweet
lentils	sweet
lentils salad	sweet
light lager	sweet
litchi	sweet
litchi juice	sweet
lobster armorican	sweet
macaroons	sweet
canned mackerel	sweet
marinated mackerel	sweet
moist sponge cake	sweet
dried mango	sweet
mango	sweet
marinated mussels	sweet
mascarpone cheese	sweet
mashed potatoes	sweet
mashed potatoes with butter	sweet
pâté en croûte	sweet
meatballs	sweet
melon water	sweet
merguez sausage	sweet
meringue	sweet
milk chocolate	sweet
hot milk chocolate	sweet
mimolette cheese	sweet
minced beef patty	sweet
mint	sweet
mix fruits juice	sweet
mix fruits salad	sweet
mix fruits stewed	sweet
mix vegetables and starch	sweet
mix vegetables cooked	sweet
mix vegetables juice	sweet
mix vegetables salad	sweet
mix vegetables soup	sweet
mix vegetables soup with cream	sweet
stewed mix vegetables	sweet
mixed salads	sweet
mixed salad starch based with cold cuts	sweet
mixed salad starch based	sweet
tomato based mixed salad	sweet
mont d'or cheese	sweet
montbéliard sausage	sweet
morbier cheese	sweet
mortadella	sweet
morteau sausage	sweet
moussaka	sweet
mousse and liégeois with caramel	sweet
mousse and liégeois with chocolate	sweet
mousse and liégeois with coffee	sweet
muffin	sweet
munster cheese	sweet
Munster cheese avec pain	sweet
sautéed mushroom	sweet
mushrooms with sauce	sweet
muskmelon	sweet
mussels with white wine cream sauce	sweet
nectarine	sweet
salty crackers	sweet
black olives	sweet
green olives	sweet
omelette with cheese	sweet
omelette with potatoes	sweet
omelette with viandox	sweet
omelette with vinegar	sweet
orange	sweet
orange juice	sweet
oriental pastries	sweet
oysters with lemon juice	sweet
oysters without lemon juice	sweet
paella	sweet
palm hearts with vinaigrette	sweet
parmesan cheese	sweet
passion fruit	sweet
unsalted pasta	sweet
pasta with cheese and tomato sauce	sweet
pasta with cheese	sweet
pasta with gravy	sweet
pasta with ketchup	sweet
pasta with olive oil and cheese	sweet
pasta with salt and butter	sweet
pasta with salt	sweet
pasta with soy sauce	sweet
pasta with tomato sauce	sweet
pasta gratin	sweet
pasta with carbonara sauce	sweet
pâtés	sweet
peach	sweet
stewed peach	sweet
pear	sweet
peas	sweet
persimmon	sweet
petit suisse	sweet
petit suisse with sugar and cream	sweet
petit suisse with sugar	sweet
pickled pork with lentils	sweet
pies	sweet
roast pigeon	sweet
pineapple	sweet
pineapple in syrup	sweet
pineapple juice	sweet
dry salted pistachios	sweet
pizzas	sweet
plaice with lemon juice	sweet
plaice without lemon juice	sweet
plums	sweet
pomelo	sweet
pork with gravy	sweet
roast pork	sweet
potato chips	sweet
potato croquettes	sweet
potato gratin	sweet
fried potatoes	sweet
potato salad	sweet
boiled potatoes	sweet
potatoes with cheese	sweet
potatoes with ketchup	sweet
potatoes with mayonnaise	sweet
potatoes with salt and dairy fat	sweet
potatoes with salt	sweet
potatoes with sauce	sweet
potatoes without salt	sweet
pound cake	sweet
provolone cheese	sweet
dried prunes	sweet
broiled quail	sweet
faisselle	sweet
faisselle with sugar	sweet
fromage blanc with fruits	sweet
fromage blanc light with sugar	sweet
fromage blanc with fruits	sweet
quiches	sweet
quinoa	sweet
rabbit with gravy	sweet
roast rabbit	sweet
raclette cheese	sweet
radish	sweet
radish with salt and butter	sweet
radish with salt	sweet
raspberry	sweet
raspberry with whipped cream	sweet
raspberry jam	sweet
raspberry cake	sweet
raviolis	sweet
reblochon cheese	sweet
red cabbage with vinaigrette	sweet
red mullet with lemon juice	sweet
red mullet	sweet
redcurrant	sweet
redcurrant juice	sweet
rhubarb jam	sweet
stewed rhubarb	sweet
rice pudding	sweet
rillettes fish	sweet
rillettes pork	sweet
risotto	sweet
roasted and salted peanuts	sweet
rondelé cheese	sweet
roquefort cheese	sweet
rusk with butter and jam	sweet
rusk with butter	sweet
rusk with jam	sweet
rusk with Nutella spread	sweet
rye bread with butter	sweet
rye bread without butter	sweet
saint-agur cheese	sweet
saint-agur cheese with bread	sweet
saint-félicien cheese	sweet
saint-marcelin cheese	sweet
saint-moret cheese	sweet
saint-moret with bread	sweet
saint-paulin cheese	sweet
salad with vinaigrette	sweet
boiled salmon	sweet
grilled salmon	sweet
smoked salmon	sweet
salsify	sweet
salted butter caramel	sweet
salted cake	sweet
salted pies	sweet
Samos cheese	sweet
samosas	sweet
sandwich with cold cuts	sweet
sangria cocktail	sweet
canned sardines	sweet
canned sardines with lemon juice	sweet
grilled sardines	sweet
sauerkraut	sweet
scallops	sweet
sautéed scallops	sweet
semolina	sweet
semolina pudding	sweet
shepherd's pie	sweet
shortbread	sweet
shrimp with mayonnaise	sweet
smoked ham	sweet
snails	sweet
soft boiled eggs	sweet
grilled sole	sweet
grilled sole with lemon juice	sweet
sour fruit candy	sweet
sourdough bread with butter	sweet
sourdough bread	sweet
soy sprouts with soy sauce	sweet
sparkling water	sweet
sparkling water with lemon juice	sweet
Mousseux	sweet
spinach with cream	sweet
spread with bread	sweet
spring rolls	sweet
squid	sweet
stew	sweet
ratatouille	sweet
sticks and pretzels	sweet
strawberry	sweet
strawberry with cream and sugar	sweet
strawberry with lemon juice	sweet
strawberry with sugar	sweet
strawberry jam	sweet
strawberry juice	sweet
strong lager	sweet
stuffed chicken	sweet
stuffed salty pancake	sweet
stuffed puff pastries	sweet
stuffed tomatoes	sweet
stuffed veal	sweet
stuffed zucchini	sweet
surimi with mayonnaise	sweet
sweet cookies with chocolate	sweet
sweet cookies with fruits	sweet
sweet corn	sweet
sweet corn with mayonnaise	sweet
sweet corn with vinaigrette	sweet
sweet flaky cookies	sweet
sweet pancake	sweet
sweet pancake with Nutella spread	sweet
sweet pancake with maple syrup	sweet
sweet pancake with jam	sweet
sweet pancake with marmalade of bitter orange	sweet
sweet pancake with stewed fruits	sweet
sweet pancake with sugar	sweet
sauterne wines	sweet
syrup with water	sweet
taboulé	sweet
tapenade	sweet
tarama	sweet
Tartare cheese	sweet
tartiflette	sweet
flavoured tea with sugar	sweet
flavoured tea without sugar	sweet
tea	sweet
tea with sugar	sweet
tiramisu	sweet
toast with butter and jam	sweet
toast with butter	sweet
toast with jam	sweet
toast of foie gras	sweet
cooked tomato	sweet
tomato	sweet
tomato soup	sweet
tomato with mayonnaise	sweet
tomato with salt and olive oil	sweet
tomato with salt	sweet
tomato with salt, olive oil and mozzarella	sweet
tomato with vinaigrette and mozzarella	sweet
tomato with vinaigrette	sweet
tomme de brebis cheese	sweet
tomme de vache cheese	sweet
toulouse sausage	sweet
tripe	sweet
fried trout	sweet
canned tuna with vinaigrette	sweet
turkey with gravy	sweet
roast turkey	sweet
turkey ham	sweet
Vache-qui-rit cheese	sweet
vacherin cheese with bread	sweet
vanilla custard	sweet
vegetable gratin	sweet
vol-au-vent	sweet
waffle	sweet
waffle with Nutella spread	sweet
dry walnut	sweet
walnut bread	sweet
wheat Ebly	sweet
whisky	sweet
white bread	sweet
white bread with butter and honey	sweet
white bread with butter	sweet
white bread with jam	sweet
white bread with Nutella spread	sweet
white chocolate	sweet
white rice	sweet
white rice with curry sauce	sweet
white rice with salt and fat	sweet
white rice with salt	sweet
white rice with tomato sauce	sweet
white sandwich bread	sweet
white sandwich bread with Nutella spread	sweet
white sandwich bread with dairy fat	sweet
white sandwich bread with jam and dairy fat	sweet
white sandwich bread with jam	sweet
white sausage	sweet
grilled whiting	sweet
steamed whiting	sweet
whiting with sauce	sweet
wholegrain bread	sweet
wholegrain bread with butter	sweet
wholegrain bread with jam	sweet
whole wheat bread	sweet
whole wheat bread with butter	sweet
whole wheat bread with jam	sweet
whole wheat sandwich bread with Nutella spread	sweet
red wine	sweet
rosé wine	sweet
white wine	sweet
flavoured yogurt	sweet
flavoured light yogurt with fruit	sweet
flavoured light yogurt with sugar	sweet
plain yogurt with jam	sweet
plain yogurt	sweet
flavoured light yogurt drink	sweet
zander	sweet
zucchini	sweet
dried almond	sour
canned anchovies	sour
fried anchovies	sour
andouille sausage	sour
andouillette sausage	sour
kir	sour
martini with lemon juice	sour
martini	sour
aperitif with anise	sour
cooked apple	sour
apple	sour
apple juice	sour
stewed apple	sour
apple turnover	sour
dried apricot	sour
apricot juice	sour
stewed apricots	sour
apricot	sour
artichoke with vinaigrette	sour
asparagus with mayonnaise	sour
asparagus with vinaigrette	sour
avocado with lemon juice	sour
avocado with mayonnaise	sour
avocado with tuna	sour
Babybel cheese	sour
stir-fried bacon	sour
baked ham	sour
dried banana	sour
banana	sour
bass with lemon juice	sour
bavarois fruit cake	sour
beef with gravy	sour
roast beef	sour
beef bourguignon	sour
alcohol-free beer	sour
beetroot with vinaigrette	sour
cooked bell pepper	sour
marinated bell pepper	sour
black blood pudding	sour
blackberries with sugar and cream	sour
blackberry jam	sour
blackcurrant	sour
Bleu d'Auvergne	sour
Bleu d'Auvergne cheese with bread	sour
Bleu de Bresse cheese	sour
Bleu de Bresse cheese with bread	sour
blueberry	sour
blueberry jam	sour
boar	sour
bottled still water	sour
boursin cheese	sour
brandy	sour
bread with bacon	sour
breaded cod	sour
breaded cod with ketchup	sour
breaded cod with lemon juice	sour
breakfast cereals with chocolate and milk	sour
breakfast cereals with fruits	sour
breakfast cereals with milk	sour
brie cheese	sour
brillat-savarin cheese	sour
brioche	sour
broccoli	sour
broccoli purée	sour
broccoli with cream	sour
brown rice	sour
brussels sprouts	sour
bulgur	sour
bun	sour
bun with butter	sour
bun with chocolate	sour
bun with jam	sour
bun with bitter orange marmelade	sour
burbot	sour
calf with gravy	sour
roast calf	sour
grilled calf livers	sour
calf head with vinaigrette	sour
camembert cheese	sour
camembert cheese with bread	sour
cancoillotte cheese	sour
candied almond	sour
liquorice candy	sour
cantal cheese	sour
caramel custard	sour
cooked carrot	sour
carrot juice	sour
carrot	sour
Carré frais	sour
Carré frais with bread	sour
raw carrot with lemon juice	sour
carrot puree with cream	sour
dry salted cashew nut	sour
cassoulet	sour
cauliflower	sour
cauliflower with sauce	sour
celeriac purée	sour
celeriac remoulade	sour
cervelas	sour
champagne	sour
champignons crus with vinaigrette	sour
chaource cheese	sour
friands au fromage	sour
cherry	sour
chestnut	sour
chestnut purée	sour
chicken cordon bleu	sour
chicken cutlet	sour
chicken with gravy	sour
chicken roast	sour
chili con carne	sour
chinese fried rice	sour
chipolata sausage	sour
chocolate custard	sour
chocolate bar	sour
pain au chocolat	sour
chocolate cake	sour
chocolate cereal bar	sour
chocolate chip cookie	sour
chocolate croissant	sour
chocolate with nut	sour
chorizo	sour
cider	sour
clafoutis	sour
clementine	sour
cocktail with alcohol	sour
coconut	sour
steamed cod with mayonnaise	sour
grilled cod with lemon juice	sour
cod in aluminium wrapper with lemon juice	sour
cod fritters	sour
coffee with sugar	sour
coffee without sugar	sour
coffee custard	sour
cola soda	sour
comté cheese	sour
cooked ham	sour
cooked ham with salted butter	sour
cooked ham with gherkin	sour
cooked ham leg	sour
coulommiers cheese	sour
country-style bread	sour
country-style bread with butter and jam	sour
country-style bread with butter	sour
couscous	sour
semi-skimmed cow's milk	sour
brown crab with mayonnaise	sour
brown crab with vinaigrette	sour
cracker with butter and jam	sour
cracker with dairy fat	sour
cracker with jam	sour
cracker with Nutella spread	sour
cream cake	sour
crème brûlée	sour
croissant	sour
cucumber with vinaigrette	sour
custard	sour
custard tart	sour
dandelions with vinaigrette	sour
dark chocolate	sour
dried date	sour
donut	sour
dry bean	sour
dry goat cheese	sour
dry sausage	sour
dry-cured ham	sour
roast duck	sour
duck confit	sour
foie gras	sour
dumpling	sour
edam cheese	sour
egg custard	sour
eggplant	sour
emmental cheese	sour
emmental cheese with bread	sour
braised endive	sour
cooked endive with sauce	sour
endive salad	sour
endives with ham	sour
epoisses cheese	sour
ewe cheese	sour
expresso coffee	sour
extruded salty crackers	sour
fava beans	sour
sautéed fennel	sour
dried fig	sour
fig	sour
fish and seafood terrines	sour
Flamby custard	sour
flavoured sparkling water	sour
flavoured water with lemon juice	sour
iles flottantes	sour
fortified wines	sour
fourme d'ambert cheese	sour
frankfurter and knack with mustard	sour
frankfurter and knack	sour
fresh goat cheese	sour
fresh goat cheese with bread	sour
fried eggs	sour
frisée salad with vinaigrette	sour
frogs with sauce	sour
fruit cake	sour
fruit candy	sour
fruit charlotte	sour
fruit crumble	sour
fruit soda	sour
fruit sorbet	sour
fruit tart	sour
fruit-flavoured beer	sour
lambic beer	sour
garlic sausage	sour
gingerbread	sour
gizzards	sour
gnocchi	sour
gorgonzola cheese	sour
gouda cheese	sour
dried grape	sour
grape juice	sour
grapefruit	sour
grapefruit with sugar	sour
grapefruit juice	sour
green beans	sour
green beans with fat	sour
green beans with salt and fat	sour
green beans with salt	sour
cooked green cabbage	sour
green cabbage with vinaigrette	sour
gruyère cheese	sour
gougère	sour
guacamole	sour
roast guinea fowl	sour
breaded hake	sour
grilled hake	sour
grilled hake with lemon juice	sour
hake in tinfoil	sour
hake with sauce	sour
croque-monsieur	sour
ham with parsley	sour
hamburger	sour
hard boiled eggs	sour
hard boiled eggs with mayonnaise	sour
hard boiled eggs with salt	sour
hard boiled eggs with vinaigrette	sour
hazelnut	sour
herb tea	sour
herb teas with sugar	sour
herrings	sour
raw horseradish with salt	sour
hot dog	sour
hot drink made from chicory with sugar	sour
ice cream	sour
ice cream bars	sour
kebab	sour
kidneys with gravy	sour
Kiri cheese	sour
dried kiwi	sour
kiwi	sour
kouign-amann cake	sour
lamb with gravy	sour
roast lamb	sour
langres cheese	sour
lasagna	sour
latte with sugar	sour
latte without sugar	sour
melted leek	sour
leek with vinaigrette	sour
lemon	sour
lentils	sour
lentils salad	sour
light lager	sour
litchi	sour
litchi juice	sour
lobster armorican	sour
macaroons	sour
canned mackerel	sour
marinated mackerel	sour
moist sponge cake	sour
dried mango	sour
mango	sour
marinated mussels	sour
mascarpone cheese	sour
mashed potatoes	sour
mashed potatoes with butter	sour
pâté en croûte	sour
meatballs	sour
melon water	sour
merguez sausage	sour
meringue	sour
milk chocolate	sour
hot milk chocolate	sour
mimolette cheese	sour
minced beef patty	sour
mint	sour
mix fruits juice	sour
mix fruits salad	sour
mix fruits stewed	sour
mix vegetables and starch	sour
mix vegetables cooked	sour
mix vegetables juice	sour
mix vegetables salad	sour
mix vegetables soup	sour
mix vegetables soup with cream	sour
stewed mix vegetables	sour
mixed salads	sour
mixed salad starch based with cold cuts	sour
mixed salad starch based	sour
tomato based mixed salad	sour
mont d'or cheese	sour
montbéliard sausage	sour
morbier cheese	sour
mortadella	sour
morteau sausage	sour
moussaka	sour
mousse and liégeois with caramel	sour
mousse and liégeois with chocolate	sour
mousse and liégeois with coffee	sour
muffin	sour
munster cheese	sour
Munster cheese avec pain	sour
sautéed mushroom	sour
mushrooms with sauce	sour
muskmelon	sour
mussels with white wine cream sauce	sour
nectarine	sour
salty crackers	sour
black olives	sour
green olives	sour
omelette with cheese	sour
omelette with potatoes	sour
omelette with viandox	sour
omelette with vinegar	sour
orange	sour
orange juice	sour
oriental pastries	sour
oysters with lemon juice	sour
oysters without lemon juice	sour
paella	sour
palm hearts with vinaigrette	sour
parmesan cheese	sour
passion fruit	sour
unsalted pasta	sour
pasta with cheese and tomato sauce	sour
pasta with cheese	sour
pasta with gravy	sour
pasta with ketchup	sour
pasta with olive oil and cheese	sour
pasta with salt and butter	sour
pasta with salt	sour
pasta with soy sauce	sour
pasta with tomato sauce	sour
pasta gratin	sour
pasta with carbonara sauce	sour
pâtés	sour
peach	sour
stewed peach	sour
pear	sour
peas	sour
persimmon	sour
petit suisse	sour
petit suisse with sugar and cream	sour
petit suisse with sugar	sour
pickled pork with lentils	sour
pies	sour
roast pigeon	sour
pineapple	sour
pineapple in syrup	sour
pineapple juice	sour
dry salted pistachios	sour
pizzas	sour
plaice with lemon juice	sour
plaice without lemon juice	sour
plums	sour
pomelo	sour
pork with gravy	sour
roast pork	sour
potato chips	sour
potato croquettes	sour
potato gratin	sour
fried potatoes	sour
potato salad	sour
boiled potatoes	sour
potatoes with cheese	sour
potatoes with ketchup	sour
potatoes with mayonnaise	sour
potatoes with salt and dairy fat	sour
potatoes with salt	sour
potatoes with sauce	sour
potatoes without salt	sour
pound cake	sour
provolone cheese	sour
dried prunes	sour
broiled quail	sour
faisselle	sour
faisselle with sugar	sour
fromage blanc with fruits	sour
fromage blanc light with sugar	sour
fromage blanc with fruits	sour
quiches	sour
quinoa	sour
rabbit with gravy	sour
roast rabbit	sour
raclette cheese	sour
radish	sour
radish with salt and butter	sour
radish with salt	sour
raspberry	sour
raspberry with whipped cream	sour
raspberry jam	sour
raspberry cake	sour
raviolis	sour
reblochon cheese	sour
red cabbage with vinaigrette	sour
red mullet with lemon juice	sour
red mullet	sour
redcurrant	sour
redcurrant juice	sour
rhubarb jam	sour
stewed rhubarb	sour
rice pudding	sour
rillettes fish	sour
rillettes pork	sour
risotto	sour
roasted and salted peanuts	sour
rondelé cheese	sour
roquefort cheese	sour
rusk with butter and jam	sour
rusk with butter	sour
rusk with jam	sour
rusk with Nutella spread	sour
rye bread with butter	sour
rye bread without butter	sour
saint-agur cheese	sour
saint-agur cheese with bread	sour
saint-félicien cheese	sour
saint-marcelin cheese	sour
saint-moret cheese	sour
saint-moret with bread	sour
saint-paulin cheese	sour
salad with vinaigrette	sour
boiled salmon	sour
grilled salmon	sour
smoked salmon	sour
salsify	sour
salted butter caramel	sour
salted cake	sour
salted pies	sour
Samos cheese	sour
samosas	sour
sandwich with cold cuts	sour
sangria cocktail	sour
canned sardines	sour
canned sardines with lemon juice	sour
grilled sardines	sour
sauerkraut	sour
scallops	sour
sautéed scallops	sour
semolina	sour
semolina pudding	sour
shepherd's pie	sour
shortbread	sour
shrimp with mayonnaise	sour
smoked ham	sour
snails	sour
soft boiled eggs	sour
grilled sole	sour
grilled sole with lemon juice	sour
sour fruit candy	sour
sourdough bread with butter	sour
sourdough bread	sour
soy sprouts with soy sauce	sour
sparkling water	sour
sparkling water with lemon juice	sour
Mousseux	sour
spinach with cream	sour
spread with bread	sour
spring rolls	sour
squid	sour
stew	sour
ratatouille	sour
sticks and pretzels	sour
strawberry	sour
strawberry with cream and sugar	sour
strawberry with lemon juice	sour
strawberry with sugar	sour
strawberry jam	sour
strawberry juice	sour
strong lager	sour
stuffed chicken	sour
stuffed salty pancake	sour
stuffed puff pastries	sour
stuffed tomatoes	sour
stuffed veal	sour
stuffed zucchini	sour
surimi with mayonnaise	sour
sweet cookies with chocolate	sour
sweet cookies with fruits	sour
sweet corn	sour
sweet corn with mayonnaise	sour
sweet corn with vinaigrette	sour
sweet flaky cookies	sour
sweet pancake	sour
sweet pancake with Nutella spread	sour
sweet pancake with maple syrup	sour
sweet pancake with jam	sour
sweet pancake with marmalade of bitter orange	sour
sweet pancake with stewed fruits	sour
sweet pancake with sugar	sour
sauterne wines	sour
syrup with water	sour
taboulé	sour
tapenade	sour
tarama	sour
Tartare cheese	sour
tartiflette	sour
flavoured tea with sugar	sour
flavoured tea without sugar	sour
tea	sour
tea with sugar	sour
tiramisu	sour
toast with butter and jam	sour
toast with butter	sour
toast with jam	sour
toast of foie gras	sour
cooked tomato	sour
tomato	sour
tomato soup	sour
tomato with mayonnaise	sour
tomato with salt and olive oil	sour
tomato with salt	sour
tomato with salt, olive oil and mozzarella	sour
tomato with vinaigrette and mozzarella	sour
tomato with vinaigrette	sour
tomme de brebis cheese	sour
tomme de vache cheese	sour
toulouse sausage	sour
tripe	sour
fried trout	sour
canned tuna with vinaigrette	sour
turkey with gravy	sour
roast turkey	sour
turkey ham	sour
Vache-qui-rit cheese	sour
vacherin cheese with bread	sour
vanilla custard	sour
vegetable gratin	sour
vol-au-vent	sour
waffle	sour
waffle with Nutella spread	sour
dry walnut	sour
walnut bread	sour
wheat Ebly	sour
whisky	sour
white bread	sour
white bread with butter and honey	sour
white bread with butter	sour
white bread with jam	sour
white bread with Nutella spread	sour
white chocolate	sour
white rice	sour
white rice with curry sauce	sour
white rice with salt and fat	sour
white rice with salt	sour
white rice with tomato sauce	sour
white sandwich bread	sour
white sandwich bread with Nutella spread	sour
white sandwich bread with dairy fat	sour
white sandwich bread with jam and dairy fat	sour
white sandwich bread with jam	sour
white sausage	sour
grilled whiting	sour
steamed whiting	sour
whiting with sauce	sour
wholegrain bread	sour
wholegrain bread with butter	sour
wholegrain bread with jam	sour
whole wheat bread	sour
whole wheat bread with butter	sour
whole wheat bread with jam	sour
whole wheat sandwich bread with Nutella spread	sour
red wine	sour
rosé wine	sour
white wine	sour
flavoured yogurt	sour
flavoured light yogurt with fruit	sour
flavoured light yogurt with sugar	sour
plain yogurt with jam	sour
plain yogurt	sour
flavoured light yogurt drink	sour
zander	sour
zucchini	sour
dried almond	salty
canned anchovies	salty
fried anchovies	salty
andouille sausage	salty
andouillette sausage	salty
kir	salty
martini with lemon juice	salty
martini	salty
aperitif with anise	salty
cooked apple	salty
apple	salty
apple juice	salty
stewed apple	salty
apple turnover	salty
dried apricot	salty
apricot juice	salty
stewed apricots	salty
apricot	salty
artichoke with vinaigrette	salty
asparagus with mayonnaise	salty
asparagus with vinaigrette	salty
avocado with lemon juice	salty
avocado with mayonnaise	salty
avocado with tuna	salty
Babybel cheese	salty
stir-fried bacon	salty
baked ham	salty
dried banana	salty
banana	salty
bass with lemon juice	salty
bavarois fruit cake	salty
beef with gravy	salty
roast beef	salty
beef bourguignon	salty
alcohol-free beer	salty
beetroot with vinaigrette	salty
cooked bell pepper	salty
marinated bell pepper	salty
black blood pudding	salty
blackberries with sugar and cream	salty
blackberry jam	salty
blackcurrant	salty
Bleu d'Auvergne	salty
Bleu d'Auvergne cheese with bread	salty
Bleu de Bresse cheese	salty
Bleu de Bresse cheese with bread	salty
blueberry	salty
blueberry jam	salty
boar	salty
bottled still water	salty
boursin cheese	salty
brandy	salty
bread with bacon	salty
breaded cod	salty
breaded cod with ketchup	salty
breaded cod with lemon juice	salty
breakfast cereals with chocolate and milk	salty
breakfast cereals with fruits	salty
breakfast cereals with milk	salty
brie cheese	salty
brillat-savarin cheese	salty
brioche	salty
broccoli	salty
broccoli purée	salty
broccoli with cream	salty
brown rice	salty
brussels sprouts	salty
bulgur	salty
bun	salty
bun with butter	salty
bun with chocolate	salty
bun with jam	salty
bun with bitter orange marmelade	salty
burbot	salty
calf with gravy	salty
roast calf	salty
grilled calf livers	salty
calf head with vinaigrette	salty
camembert cheese	salty
camembert cheese with bread	salty
cancoillotte cheese	salty
candied almond	salty
liquorice candy	salty
cantal cheese	salty
caramel custard	salty
cooked carrot	salty
carrot juice	salty
carrot	salty
Carré frais	salty
Carré frais with bread	salty
raw carrot with lemon juice	salty
carrot puree with cream	salty
dry salted cashew nut	salty
cassoulet	salty
cauliflower	salty
cauliflower with sauce	salty
celeriac purée	salty
celeriac remoulade	salty
cervelas	salty
champagne	salty
champignons crus with vinaigrette	salty
chaource cheese	salty
friands au fromage	salty
cherry	salty
chestnut	salty
chestnut purée	salty
chicken cordon bleu	salty
chicken cutlet	salty
chicken with gravy	salty
chicken roast	salty
chili con carne	salty
chinese fried rice	salty
chipolata sausage	salty
chocolate custard	salty
chocolate bar	salty
pain au chocolat	salty
chocolate cake	salty
chocolate cereal bar	salty
chocolate chip cookie	salty
chocolate croissant	salty
chocolate with nut	salty
chorizo	salty
cider	salty
clafoutis	salty
clementine	salty
cocktail with alcohol	salty
coconut	salty
steamed cod with mayonnaise	salty
grilled cod with lemon juice	salty
cod in aluminium wrapper with lemon juice	salty
cod fritters	salty
coffee with sugar	salty
coffee without sugar	salty
coffee custard	salty
cola soda	salty
comté cheese	salty
cooked ham	salty
cooked ham with salted butter	salty
cooked ham with gherkin	salty
cooked ham leg	salty
coulommiers cheese	salty
country-style bread	salty
country-style bread with butter and jam	salty
country-style bread with butter	salty
couscous	salty
semi-skimmed cow's milk	salty
brown crab with mayonnaise	salty
brown crab with vinaigrette	salty
cracker with butter and jam	salty
cracker with dairy fat	salty
cracker with jam	salty
cracker with Nutella spread	salty
cream cake	salty
crème brûlée	salty
croissant	salty
cucumber with vinaigrette	salty
custard	salty
custard tart	salty
dandelions with vinaigrette	salty
dark chocolate	salty
dried date	salty
donut	salty
dry bean	salty
dry goat cheese	salty
dry sausage	salty
dry-cured ham	salty
roast duck	salty
duck confit	salty
foie gras	salty
dumpling	salty
edam cheese	salty
egg custard	salty
eggplant	salty
emmental cheese	salty
emmental cheese with bread	salty
braised endive	salty
cooked endive with sauce	salty
endive salad	salty
endives with ham	salty
epoisses cheese	salty
ewe cheese	salty
expresso coffee	salty
extruded salty crackers	salty
fava beans	salty
sautéed fennel	salty
dried fig	salty
fig	salty
fish and seafood terrines	salty
Flamby custard	salty
flavoured sparkling water	salty
flavoured water with lemon juice	salty
iles flottantes	salty
fortified wines	salty
fourme d'ambert cheese	salty
frankfurter and knack with mustard	salty
frankfurter and knack	salty
fresh goat cheese	salty
fresh goat cheese with bread	salty
fried eggs	salty
frisée salad with vinaigrette	salty
frogs with sauce	salty
fruit cake	salty
fruit candy	salty
fruit charlotte	salty
fruit crumble	salty
fruit soda	salty
fruit sorbet	salty
fruit tart	salty
fruit-flavoured beer	salty
lambic beer	salty
garlic sausage	salty
gingerbread	salty
gizzards	salty
gnocchi	salty
gorgonzola cheese	salty
gouda cheese	salty
dried grape	salty
grape juice	salty
grapefruit	salty
grapefruit with sugar	salty
grapefruit juice	salty
green beans	salty
green beans with fat	salty
green beans with salt and fat	salty
green beans with salt	salty
cooked green cabbage	salty
green cabbage with vinaigrette	salty
gruyère cheese	salty
gougère	salty
guacamole	salty
roast guinea fowl	salty
breaded hake	salty
grilled hake	salty
grilled hake with lemon juice	salty
hake in tinfoil	salty
hake with sauce	salty
croque-monsieur	salty
ham with parsley	salty
hamburger	salty
hard boiled eggs	salty
hard boiled eggs with mayonnaise	salty
hard boiled eggs with salt	salty
hard boiled eggs with vinaigrette	salty
hazelnut	salty
herb tea	salty
herb teas with sugar	salty
herrings	salty
raw horseradish with salt	salty
hot dog	salty
hot drink made from chicory with sugar	salty
ice cream	salty
ice cream bars	salty
kebab	salty
kidneys with gravy	salty
Kiri cheese	salty
dried kiwi	salty
kiwi	salty
kouign-amann cake	salty
lamb with gravy	salty
roast lamb	salty
langres cheese	salty
lasagna	salty
latte with sugar	salty
latte without sugar	salty
melted leek	salty
leek with vinaigrette	salty
lemon	salty
lentils	salty
lentils salad	salty
light lager	salty
litchi	salty
litchi juice	salty
lobster armorican	salty
macaroons	salty
canned mackerel	salty
marinated mackerel	salty
moist sponge cake	salty
dried mango	salty
mango	salty
marinated mussels	salty
mascarpone cheese	salty
mashed potatoes	salty
mashed potatoes with butter	salty
pâté en croûte	salty
meatballs	salty
melon water	salty
merguez sausage	salty
meringue	salty
milk chocolate	salty
hot milk chocolate	salty
mimolette cheese	salty
minced beef patty	salty
mint	salty
mix fruits juice	salty
mix fruits salad	salty
mix fruits stewed	salty
mix vegetables and starch	salty
mix vegetables cooked	salty
mix vegetables juice	salty
mix vegetables salad	salty
mix vegetables soup	salty
mix vegetables soup with cream	salty
stewed mix vegetables	salty
mixed salads	salty
mixed salad starch based with cold cuts	salty
mixed salad starch based	salty
tomato based mixed salad	salty
mont d'or cheese	salty
montbéliard sausage	salty
morbier cheese	salty
mortadella	salty
morteau sausage	salty
moussaka	salty
mousse and liégeois with caramel	salty
mousse and liégeois with chocolate	salty
mousse and liégeois with coffee	salty
muffin	salty
munster cheese	salty
Munster cheese avec pain	salty
sautéed mushroom	salty
mushrooms with sauce	salty
muskmelon	salty
mussels with white wine cream sauce	salty
nectarine	salty
salty crackers	salty
black olives	salty
green olives	salty
omelette with cheese	salty
omelette with potatoes	salty
omelette with viandox	salty
omelette with vinegar	salty
orange	salty
orange juice	salty
oriental pastries	salty
oysters with lemon juice	salty
oysters without lemon juice	salty
paella	salty
palm hearts with vinaigrette	salty
parmesan cheese	salty
passion fruit	salty
unsalted pasta	salty
pasta with cheese and tomato sauce	salty
pasta with cheese	salty
pasta with gravy	salty
pasta with ketchup	salty
pasta with olive oil and cheese	salty
pasta with salt and butter	salty
pasta with salt	salty
pasta with soy sauce	salty
pasta with tomato sauce	salty
pasta gratin	salty
pasta with carbonara sauce	salty
pâtés	salty
peach	salty
stewed peach	salty
pear	salty
peas	salty
persimmon	salty
petit suisse	salty
petit suisse with sugar and cream	salty
petit suisse with sugar	salty
pickled pork with lentils	salty
pies	salty
roast pigeon	salty
pineapple	salty
pineapple in syrup	salty
pineapple juice	salty
dry salted pistachios	salty
pizzas	salty
plaice with lemon juice	salty
plaice without lemon juice	salty
plums	salty
pomelo	salty
pork with gravy	salty
roast pork	salty
potato chips	salty
potato croquettes	salty
potato gratin	salty
fried potatoes	salty
potato salad	salty
boiled potatoes	salty
potatoes with cheese	salty
potatoes with ketchup	salty
potatoes with mayonnaise	salty
potatoes with salt and dairy fat	salty
potatoes with salt	salty
potatoes with sauce	salty
potatoes without salt	salty
pound cake	salty
provolone cheese	salty
dried prunes	salty
broiled quail	salty
faisselle	salty
faisselle with sugar	salty
fromage blanc with fruits	salty
fromage blanc light with sugar	salty
fromage blanc with fruits	salty
quiches	salty
quinoa	salty
rabbit with gravy	salty
roast rabbit	salty
raclette cheese	salty
radish	salty
radish with salt and butter	salty
radish with salt	salty
raspberry	salty
raspberry with whipped cream	salty
raspberry jam	salty
raspberry cake	salty
raviolis	salty
reblochon cheese	salty
red cabbage with vinaigrette	salty
red mullet with lemon juice	salty
red mullet	salty
redcurrant	salty
redcurrant juice	salty
rhubarb jam	salty
stewed rhubarb	salty
rice pudding	salty
rillettes fish	salty
rillettes pork	salty
risotto	salty
roasted and salted peanuts	salty
rondelé cheese	salty
roquefort cheese	salty
rusk with butter and jam	salty
rusk with butter	salty
rusk with jam	salty
rusk with Nutella spread	salty
rye bread with butter	salty
rye bread without butter	salty
saint-agur cheese	salty
saint-agur cheese with bread	salty
saint-félicien cheese	salty
saint-marcelin cheese	salty
saint-moret cheese	salty
saint-moret with bread	salty
saint-paulin cheese	salty
salad with vinaigrette	salty
boiled salmon	salty
grilled salmon	salty
smoked salmon	salty
salsify	salty
salted butter caramel	salty
salted cake	salty
salted pies	salty
Samos cheese	salty
samosas	salty
sandwich with cold cuts	salty
sangria cocktail	salty
canned sardines	salty
canned sardines with lemon juice	salty
grilled sardines	salty
sauerkraut	salty
scallops	salty
sautéed scallops	salty
semolina	salty
semolina pudding	salty
shepherd's pie	salty
shortbread	salty
shrimp with mayonnaise	salty
smoked ham	salty
snails	salty
soft boiled eggs	salty
grilled sole	salty
grilled sole with lemon juice	salty
sour fruit candy	salty
sourdough bread with butter	salty
sourdough bread	salty
soy sprouts with soy sauce	salty
sparkling water	salty
sparkling water with lemon juice	salty
Mousseux	salty
spinach with cream	salty
spread with bread	salty
spring rolls	salty
squid	salty
stew	salty
ratatouille	salty
sticks and pretzels	salty
strawberry	salty
strawberry with cream and sugar	salty
strawberry with lemon juice	salty
strawberry with sugar	salty
strawberry jam	salty
strawberry juice	salty
strong lager	salty
stuffed chicken	salty
stuffed salty pancake	salty
stuffed puff pastries	salty
stuffed tomatoes	salty
stuffed veal	salty
stuffed zucchini	salty
surimi with mayonnaise	salty
sweet cookies with chocolate	salty
sweet cookies with fruits	salty
sweet corn	salty
sweet corn with mayonnaise	salty
sweet corn with vinaigrette	salty
sweet flaky cookies	salty
sweet pancake	salty
sweet pancake with Nutella spread	salty
sweet pancake with maple syrup	salty
sweet pancake with jam	salty
sweet pancake with marmalade of bitter orange	salty
sweet pancake with stewed fruits	salty
sweet pancake with sugar	salty
sauterne wines	salty
syrup with water	salty
taboulé	salty
tapenade	salty
tarama	salty
Tartare cheese	salty
tartiflette	salty
flavoured tea with sugar	salty
flavoured tea without sugar	salty
tea	salty
tea with sugar	salty
tiramisu	salty
toast with butter and jam	salty
toast with butter	salty
toast with jam	salty
toast of foie gras	salty
cooked tomato	salty
tomato	salty
tomato soup	salty
tomato with mayonnaise	salty
tomato with salt and olive oil	salty
tomato with salt	salty
tomato with salt, olive oil and mozzarella	salty
tomato with vinaigrette and mozzarella	salty
tomato with vinaigrette	salty
tomme de brebis cheese	salty
tomme de vache cheese	salty
toulouse sausage	salty
tripe	salty
fried trout	salty
canned tuna with vinaigrette	salty
turkey with gravy	salty
roast turkey	salty
turkey ham	salty
Vache-qui-rit cheese	salty
vacherin cheese with bread	salty
vanilla custard	salty
vegetable gratin	salty
vol-au-vent	salty
waffle	salty
waffle with Nutella spread	salty
dry walnut	salty
walnut bread	salty
wheat Ebly	salty
whisky	salty
white bread	salty
white bread with butter and honey	salty
white bread with butter	salty
white bread with jam	salty
white bread with Nutella spread	salty
white chocolate	salty
white rice	salty
white rice with curry sauce	salty
white rice with salt and fat	salty
white rice with salt	salty
white rice with tomato sauce	salty
white sandwich bread	salty
white sandwich bread with Nutella spread	salty
white sandwich bread with dairy fat	salty
white sandwich bread with jam and dairy fat	salty
white sandwich bread with jam	salty
white sausage	salty
grilled whiting	salty
steamed whiting	salty
whiting with sauce	salty
wholegrain bread	salty
wholegrain bread with butter	salty
wholegrain bread with jam	salty
whole wheat bread	salty
whole wheat bread with butter	salty
whole wheat bread with jam	salty
whole wheat sandwich bread with Nutella spread	salty
red wine	salty
rosé wine	salty
white wine	salty
flavoured yogurt	salty
flavoured light yogurt with fruit	salty
flavoured light yogurt with sugar	salty
plain yogurt with jam	salty
plain yogurt	salty
flavoured light yogurt drink	salty
zander	salty
zucchini	salty
dried almond	bitter
canned anchovies	bitter
fried anchovies	bitter
andouille sausage	bitter
andouillette sausage	bitter
kir	bitter
martini with lemon juice	bitter
martini	bitter
aperitif with anise	bitter
cooked apple	bitter
apple	bitter
apple juice	bitter
stewed apple	bitter
apple turnover	bitter
dried apricot	bitter
apricot juice	bitter
stewed apricots	bitter
apricot	bitter
artichoke with vinaigrette	bitter
asparagus with mayonnaise	bitter
asparagus with vinaigrette	bitter
avocado with lemon juice	bitter
avocado with mayonnaise	bitter
avocado with tuna	bitter
Babybel cheese	bitter
stir-fried bacon	bitter
baked ham	bitter
dried banana	bitter
banana	bitter
bass with lemon juice	bitter
bavarois fruit cake	bitter
beef with gravy	bitter
roast beef	bitter
beef bourguignon	bitter
alcohol-free beer	bitter
beetroot with vinaigrette	bitter
cooked bell pepper	bitter
marinated bell pepper	bitter
black blood pudding	bitter
blackberries with sugar and cream	bitter
blackberry jam	bitter
blackcurrant	bitter
Bleu d'Auvergne	bitter
Bleu d'Auvergne cheese with bread	bitter
Bleu de Bresse cheese	bitter
Bleu de Bresse cheese with bread	bitter
blueberry	bitter
blueberry jam	bitter
boar	bitter
bottled still water	bitter
boursin cheese	bitter
brandy	bitter
bread with bacon	bitter
breaded cod	bitter
breaded cod with ketchup	bitter
breaded cod with lemon juice	bitter
breakfast cereals with chocolate and milk	bitter
breakfast cereals with fruits	bitter
breakfast cereals with milk	bitter
brie cheese	bitter
brillat-savarin cheese	bitter
brioche	bitter
broccoli	bitter
broccoli purée	bitter
broccoli with cream	bitter
brown rice	bitter
brussels sprouts	bitter
bulgur	bitter
bun	bitter
bun with butter	bitter
bun with chocolate	bitter
bun with jam	bitter
bun with bitter orange marmelade	bitter
burbot	bitter
calf with gravy	bitter
roast calf	bitter
grilled calf livers	bitter
calf head with vinaigrette	bitter
camembert cheese	bitter
camembert cheese with bread	bitter
cancoillotte cheese	bitter
candied almond	bitter
liquorice candy	bitter
cantal cheese	bitter
caramel custard	bitter
cooked carrot	bitter
carrot juice	bitter
carrot	bitter
Carré frais	bitter
Carré frais with bread	bitter
raw carrot with lemon juice	bitter
carrot puree with cream	bitter
dry salted cashew nut	bitter
cassoulet	bitter
cauliflower	bitter
cauliflower with sauce	bitter
celeriac purée	bitter
celeriac remoulade	bitter
cervelas	bitter
champagne	bitter
champignons crus with vinaigrette	bitter
chaource cheese	bitter
friands au fromage	bitter
cherry	bitter
chestnut	bitter
chestnut purée	bitter
chicken cordon bleu	bitter
chicken cutlet	bitter
chicken with gravy	bitter
chicken roast	bitter
chili con carne	bitter
chinese fried rice	bitter
chipolata sausage	bitter
chocolate custard	bitter
chocolate bar	bitter
pain au chocolat	bitter
chocolate cake	bitter
chocolate cereal bar	bitter
chocolate chip cookie	bitter
chocolate croissant	bitter
chocolate with nut	bitter
chorizo	bitter
cider	bitter
clafoutis	bitter
clementine	bitter
cocktail with alcohol	bitter
coconut	bitter
steamed cod with mayonnaise	bitter
grilled cod with lemon juice	bitter
cod in aluminium wrapper with lemon juice	bitter
cod fritters	bitter
coffee with sugar	bitter
coffee without sugar	bitter
coffee custard	bitter
cola soda	bitter
comté cheese	bitter
cooked ham	bitter
cooked ham with salted butter	bitter
cooked ham with gherkin	bitter
cooked ham leg	bitter
coulommiers cheese	bitter
country-style bread	bitter
country-style bread with butter and jam	bitter
country-style bread with butter	bitter
couscous	bitter
semi-skimmed cow's milk	bitter
brown crab with mayonnaise	bitter
brown crab with vinaigrette	bitter
cracker with butter and jam	bitter
cracker with dairy fat	bitter
cracker with jam	bitter
cracker with Nutella spread	bitter
cream cake	bitter
crème brûlée	bitter
croissant	bitter
cucumber with vinaigrette	bitter
custard	bitter
custard tart	bitter
dandelions with vinaigrette	bitter
dark chocolate	bitter
dried date	bitter
donut	bitter
dry bean	bitter
dry goat cheese	bitter
dry sausage	bitter
dry-cured ham	bitter
roast duck	bitter
duck confit	bitter
foie gras	bitter
dumpling	bitter
edam cheese	bitter
egg custard	bitter
eggplant	bitter
emmental cheese	bitter
emmental cheese with bread	bitter
braised endive	bitter
cooked endive with sauce	bitter
endive salad	bitter
endives with ham	bitter
epoisses cheese	bitter
ewe cheese	bitter
expresso coffee	bitter
extruded salty crackers	bitter
fava beans	bitter
sautéed fennel	bitter
dried fig	bitter
fig	bitter
fish and seafood terrines	bitter
Flamby custard	bitter
flavoured sparkling water	bitter
flavoured water with lemon juice	bitter
iles flottantes	bitter
fortified wines	bitter
fourme d'ambert cheese	bitter
frankfurter and knack with mustard	bitter
frankfurter and knack	bitter
fresh goat cheese	bitter
fresh goat cheese with bread	bitter
fried eggs	bitter
frisée salad with vinaigrette	bitter
frogs with sauce	bitter
fruit cake	bitter
fruit candy	bitter
fruit charlotte	bitter
fruit crumble	bitter
fruit soda	bitter
fruit sorbet	bitter
fruit tart	bitter
fruit-flavoured beer	bitter
lambic beer	bitter
garlic sausage	bitter
gingerbread	bitter
gizzards	bitter
gnocchi	bitter
gorgonzola cheese	bitter
gouda cheese	bitter
dried grape	bitter
grape juice	bitter
grapefruit	bitter
grapefruit with sugar	bitter
grapefruit juice	bitter
green beans	bitter
green beans with fat	bitter
green beans with salt and fat	bitter
green beans with salt	bitter
cooked green cabbage	bitter
green cabbage with vinaigrette	bitter
gruyère cheese	bitter
gougère	bitter
guacamole	bitter
roast guinea fowl	bitter
breaded hake	bitter
grilled hake	bitter
grilled hake with lemon juice	bitter
hake in tinfoil	bitter
hake with sauce	bitter
croque-monsieur	bitter
ham with parsley	bitter
hamburger	bitter
hard boiled eggs	bitter
hard boiled eggs with mayonnaise	bitter
hard boiled eggs with salt	bitter
hard boiled eggs with vinaigrette	bitter
hazelnut	bitter
herb tea	bitter
herb teas with sugar	bitter
herrings	bitter
raw horseradish with salt	bitter
hot dog	bitter
hot drink made from chicory with sugar	bitter
ice cream	bitter
ice cream bars	bitter
kebab	bitter
kidneys with gravy	bitter
Kiri cheese	bitter
dried kiwi	bitter
kiwi	bitter
kouign-amann cake	bitter
lamb with gravy	bitter
roast lamb	bitter
langres cheese	bitter
lasagna	bitter
latte with sugar	bitter
latte without sugar	bitter
melted leek	bitter
leek with vinaigrette	bitter
lemon	bitter
lentils	bitter
lentils salad	bitter
light lager	bitter
litchi	bitter
litchi juice	bitter
lobster armorican	bitter
macaroons	bitter
canned mackerel	bitter
marinated mackerel	bitter
moist sponge cake	bitter
dried mango	bitter
mango	bitter
marinated mussels	bitter
mascarpone cheese	bitter
mashed potatoes	bitter
mashed potatoes with butter	bitter
pâté en croûte	bitter
meatballs	bitter
melon water	bitter
merguez sausage	bitter
meringue	bitter
milk chocolate	bitter
hot milk chocolate	bitter
mimolette cheese	bitter
minced beef patty	bitter
mint	bitter
mix fruits juice	bitter
mix fruits salad	bitter
mix fruits stewed	bitter
mix vegetables and starch	bitter
mix vegetables cooked	bitter
mix vegetables juice	bitter
mix vegetables salad	bitter
mix vegetables soup	bitter
mix vegetables soup with cream	bitter
stewed mix vegetables	bitter
mixed salads	bitter
mixed salad starch based with cold cuts	bitter
mixed salad starch based	bitter
tomato based mixed salad	bitter
mont d'or cheese	bitter
montbéliard sausage	bitter
morbier cheese	bitter
mortadella	bitter
morteau sausage	bitter
moussaka	bitter
mousse and liégeois with caramel	bitter
mousse and liégeois with chocolate	bitter
mousse and liégeois with coffee	bitter
muffin	bitter
munster cheese	bitter
Munster cheese avec pain	bitter
sautéed mushroom	bitter
mushrooms with sauce	bitter
muskmelon	bitter
mussels with white wine cream sauce	bitter
nectarine	bitter
salty crackers	bitter
black olives	bitter
green olives	bitter
omelette with cheese	bitter
omelette with potatoes	bitter
omelette with viandox	bitter
omelette with vinegar	bitter
orange	bitter
orange juice	bitter
oriental pastries	bitter
oysters with lemon juice	bitter
oysters without lemon juice	bitter
paella	bitter
palm hearts with vinaigrette	bitter
parmesan cheese	bitter
passion fruit	bitter
unsalted pasta	bitter
pasta with cheese and tomato sauce	bitter
pasta with cheese	bitter
pasta with gravy	bitter
pasta with ketchup	bitter
pasta with olive oil and cheese	bitter
pasta with salt and butter	bitter
pasta with salt	bitter
pasta with soy sauce	bitter
pasta with tomato sauce	bitter
pasta gratin	bitter
pasta with carbonara sauce	bitter
pâtés	bitter
peach	bitter
stewed peach	bitter
pear	bitter
peas	bitter
persimmon	bitter
petit suisse	bitter
petit suisse with sugar and cream	bitter
petit suisse with sugar	bitter
pickled pork with lentils	bitter
pies	bitter
roast pigeon	bitter
pineapple	bitter
pineapple in syrup	bitter
pineapple juice	bitter
dry salted pistachios	bitter
pizzas	bitter
plaice with lemon juice	bitter
plaice without lemon juice	bitter
plums	bitter
pomelo	bitter
pork with gravy	bitter
roast pork	bitter
potato chips	bitter
potato croquettes	bitter
potato gratin	bitter
fried potatoes	bitter
potato salad	bitter
boiled potatoes	bitter
potatoes with cheese	bitter
potatoes with ketchup	bitter
potatoes with mayonnaise	bitter
potatoes with salt and dairy fat	bitter
potatoes with salt	bitter
potatoes with sauce	bitter
potatoes without salt	bitter
pound cake	bitter
provolone cheese	bitter
dried prunes	bitter
broiled quail	bitter
faisselle	bitter
faisselle with sugar	bitter
fromage blanc with fruits	bitter
fromage blanc light with sugar	bitter
fromage blanc with fruits	bitter
quiches	bitter
quinoa	bitter
rabbit with gravy	bitter
roast rabbit	bitter
raclette cheese	bitter
radish	bitter
radish with salt and butter	bitter
radish with salt	bitter
raspberry	bitter
raspberry with whipped cream	bitter
raspberry jam	bitter
raspberry cake	bitter
raviolis	bitter
reblochon cheese	bitter
red cabbage with vinaigrette	bitter
red mullet with lemon juice	bitter
red mullet	bitter
redcurrant	bitter
redcurrant juice	bitter
rhubarb jam	bitter
stewed rhubarb	bitter
rice pudding	bitter
rillettes fish	bitter
rillettes pork	bitter
risotto	bitter
roasted and salted peanuts	bitter
rondelé cheese	bitter
roquefort cheese	bitter
rusk with butter and jam	bitter
rusk with butter	bitter
rusk with jam	bitter
rusk with Nutella spread	bitter
rye bread with butter	bitter
rye bread without butter	bitter
saint-agur cheese	bitter
saint-agur cheese with bread	bitter
saint-félicien cheese	bitter
saint-marcelin cheese	bitter
saint-moret cheese	bitter
saint-moret with bread	bitter
saint-paulin cheese	bitter
salad with vinaigrette	bitter
boiled salmon	bitter
grilled salmon	bitter
smoked salmon	bitter
salsify	bitter
salted butter caramel	bitter
salted cake	bitter
salted pies	bitter
Samos cheese	bitter
samosas	bitter
sandwich with cold cuts	bitter
sangria cocktail	bitter
canned sardines	bitter
canned sardines with lemon juice	bitter
grilled sardines	bitter
sauerkraut	bitter
scallops	bitter
sautéed scallops	bitter
semolina	bitter
semolina pudding	bitter
shepherd's pie	bitter
shortbread	bitter
shrimp with mayonnaise	bitter
smoked ham	bitter
snails	bitter
soft boiled eggs	bitter
grilled sole	bitter
grilled sole with lemon juice	bitter
sour fruit candy	bitter
sourdough bread with butter	bitter
sourdough bread	bitter
soy sprouts with soy sauce	bitter
sparkling water	bitter
sparkling water with lemon juice	bitter
Mousseux	bitter
spinach with cream	bitter
spread with bread	bitter
spring rolls	bitter
squid	bitter
stew	bitter
ratatouille	bitter
sticks and pretzels	bitter
strawberry	bitter
strawberry with cream and sugar	bitter
strawberry with lemon juice	bitter
strawberry with sugar	bitter
strawberry jam	bitter
strawberry juice	bitter
strong lager	bitter
stuffed chicken	bitter
stuffed salty pancake	bitter
stuffed puff pastries	bitter
stuffed tomatoes	bitter
stuffed veal	bitter
stuffed zucchini	bitter
surimi with mayonnaise	bitter
sweet cookies with chocolate	bitter
sweet cookies with fruits	bitter
sweet corn	bitter
sweet corn with mayonnaise	bitter
sweet corn with vinaigrette	bitter
sweet flaky cookies	bitter
sweet pancake	bitter
sweet pancake with Nutella spread	bitter
sweet pancake with maple syrup	bitter
sweet pancake with jam	bitter
sweet pancake with marmalade of bitter orange	bitter
sweet pancake with stewed fruits	bitter
sweet pancake with sugar	bitter
sauterne wines	bitter
syrup with water	bitter
taboulé	bitter
tapenade	bitter
tarama	bitter
Tartare cheese	bitter
tartiflette	bitter
flavoured tea with sugar	bitter
flavoured tea without sugar	bitter
tea	bitter
tea with sugar	bitter
tiramisu	bitter
toast with butter and jam	bitter
toast with butter	bitter
toast with jam	bitter
toast of foie gras	bitter
cooked tomato	bitter
tomato	bitter
tomato soup	bitter
tomato with mayonnaise	bitter
tomato with salt and olive oil	bitter
tomato with salt	bitter
tomato with salt, olive oil and mozzarella	bitter
tomato with vinaigrette and mozzarella	bitter
tomato with vinaigrette	bitter
tomme de brebis cheese	bitter
tomme de vache cheese	bitter
toulouse sausage	bitter
tripe	bitter
fried trout	bitter
canned tuna with vinaigrette	bitter
turkey with gravy	bitter
roast turkey	bitter
turkey ham	bitter
Vache-qui-rit cheese	bitter
vacherin cheese with bread	bitter
vanilla custard	bitter
vegetable gratin	bitter
vol-au-vent	bitter
waffle	bitter
waffle with Nutella spread	bitter
dry walnut	bitter
walnut bread	bitter
wheat Ebly	bitter
whisky	bitter
white bread	bitter
white bread with butter and honey	bitter
white bread with butter	bitter
white bread with jam	bitter
white bread with Nutella spread	bitter
white chocolate	bitter
white rice	bitter
white rice with curry sauce	bitter
white rice with salt and fat	bitter
white rice with salt	bitter
white rice with tomato sauce	bitter
white sandwich bread	bitter
white sandwich bread with Nutella spread	bitter
white sandwich bread with dairy fat	bitter
white sandwich bread with jam and dairy fat	bitter
white sandwich bread with jam	bitter
white sausage	bitter
grilled whiting	bitter
steamed whiting	bitter
whiting with sauce	bitter
wholegrain bread	bitter
wholegrain bread with butter	bitter
wholegrain bread with jam	bitter
whole wheat bread	bitter
whole wheat bread with butter	bitter
whole wheat bread with jam	bitter
whole wheat sandwich bread with Nutella spread	bitter
red wine	bitter
rosé wine	bitter
white wine	bitter
flavoured yogurt	bitter
flavoured light yogurt with fruit	bitter
flavoured light yogurt with sugar	bitter
plain yogurt with jam	bitter
plain yogurt	bitter
flavoured light yogurt drink	bitter
zander	bitter
zucchini	bitter
dried almond	umami
canned anchovies	umami
fried anchovies	umami
andouille sausage	umami
andouillette sausage	umami
kir	umami
martini with lemon juice	umami
martini	umami
aperitif with anise	umami
cooked apple	umami
apple	umami
apple juice	umami
stewed apple	umami
apple turnover	umami
dried apricot	umami
apricot juice	umami
stewed apricots	umami
apricot	umami
artichoke with vinaigrette	umami
asparagus with mayonnaise	umami
asparagus with vinaigrette	umami
avocado with lemon juice	umami
avocado with mayonnaise	umami
avocado with tuna	umami
Babybel cheese	umami
stir-fried bacon	umami
baked ham	umami
dried banana	umami
banana	umami
bass with lemon juice	umami
bavarois fruit cake	umami
beef with gravy	umami
roast beef	umami
beef bourguignon	umami
alcohol-free beer	umami
beetroot with vinaigrette	umami
cooked bell pepper	umami
marinated bell pepper	umami
black blood pudding	umami
blackberries with sugar and cream	umami
blackberry jam	umami
blackcurrant	umami
Bleu d'Auvergne	umami
Bleu d'Auvergne cheese with bread	umami
Bleu de Bresse cheese	umami
Bleu de Bresse cheese with bread	umami
blueberry	umami
blueberry jam	umami
boar	umami
bottled still water	umami
boursin cheese	umami
brandy	umami
bread with bacon	umami
breaded cod	umami
breaded cod with ketchup	umami
breaded cod with lemon juice	umami
breakfast cereals with chocolate and milk	umami
breakfast cereals with fruits	umami
breakfast cereals with milk	umami
brie cheese	umami
brillat-savarin cheese	umami
brioche	umami
broccoli	umami
broccoli purée	umami
broccoli with cream	umami
brown rice	umami
brussels sprouts	umami
bulgur	umami
bun	umami
bun with butter	umami
bun with chocolate	umami
bun with jam	umami
bun with bitter orange marmelade	umami
burbot	umami
calf with gravy	umami
roast calf	umami
grilled calf livers	umami
calf head with vinaigrette	umami
camembert cheese	umami
camembert cheese with bread	umami
cancoillotte cheese	umami
candied almond	umami
liquorice candy	umami
cantal cheese	umami
caramel custard	umami
cooked carrot	umami
carrot juice	umami
carrot	umami
Carré frais	umami
Carré frais with bread	umami
raw carrot with lemon juice	umami
carrot puree with cream	umami
dry salted cashew nut	umami
cassoulet	umami
cauliflower	umami
cauliflower with sauce	umami
celeriac purée	umami
celeriac remoulade	umami
cervelas	umami
champagne	umami
champignons crus with vinaigrette	umami
chaource cheese	umami
friands au fromage	umami
cherry	umami
chestnut	umami
chestnut purée	umami
chicken cordon bleu	umami
chicken cutlet	umami
chicken with gravy	umami
chicken roast	umami
chili con carne	umami
chinese fried rice	umami
chipolata sausage	umami
chocolate custard	umami
chocolate bar	umami
pain au chocolat	umami
chocolate cake	umami
chocolate cereal bar	umami
chocolate chip cookie	umami
chocolate croissant	umami
chocolate with nut	umami
chorizo	umami
cider	umami
clafoutis	umami
clementine	umami
cocktail with alcohol	umami
coconut	umami
steamed cod with mayonnaise	umami
grilled cod with lemon juice	umami
cod in aluminium wrapper with lemon juice	umami
cod fritters	umami
coffee with sugar	umami
coffee without sugar	umami
coffee custard	umami
cola soda	umami
comté cheese	umami
cooked ham	umami
cooked ham with salted butter	umami
cooked ham with gherkin	umami
cooked ham leg	umami
coulommiers cheese	umami
country-style bread	umami
country-style bread with butter and jam	umami
country-style bread with butter	umami
couscous	umami
semi-skimmed cow's milk	umami
brown crab with mayonnaise	umami
brown crab with vinaigrette	umami
cracker with butter and jam	umami
cracker with dairy fat	umami
cracker with jam	umami
cracker with Nutella spread	umami
cream cake	umami
crème brûlée	umami
croissant	umami
cucumber with vinaigrette	umami
custard	umami
custard tart	umami
dandelions with vinaigrette	umami
dark chocolate	umami
dried date	umami
donut	umami
dry bean	umami
dry goat cheese	umami
dry sausage	umami
dry-cured ham	umami
roast duck	umami
duck confit	umami
foie gras	umami
dumpling	umami
edam cheese	umami
egg custard	umami
eggplant	umami
emmental cheese	umami
emmental cheese with bread	umami
braised endive	umami
cooked endive with sauce	umami
endive salad	umami
endives with ham	umami
epoisses cheese	umami
ewe cheese	umami
expresso coffee	umami
extruded salty crackers	umami
fava beans	umami
sautéed fennel	umami
dried fig	umami
fig	umami
fish and seafood terrines	umami
Flamby custard	umami
flavoured sparkling water	umami
flavoured water with lemon juice	umami
iles flottantes	umami
fortified wines	umami
fourme d'ambert cheese	umami
frankfurter and knack with mustard	umami
frankfurter and knack	umami
fresh goat cheese	umami
fresh goat cheese with bread	umami
fried eggs	umami
frisée salad with vinaigrette	umami
frogs with sauce	umami
fruit cake	umami
fruit candy	umami
fruit charlotte	umami
fruit crumble	umami
fruit soda	umami
fruit sorbet	umami
fruit tart	umami
fruit-flavoured beer	umami
lambic beer	umami
garlic sausage	umami
gingerbread	umami
gizzards	umami
gnocchi	umami
gorgonzola cheese	umami
gouda cheese	umami
dried grape	umami
grape juice	umami
grapefruit	umami
grapefruit with sugar	umami
grapefruit juice	umami
green beans	umami
green beans with fat	umami
green beans with salt and fat	umami
green beans with salt	umami
cooked green cabbage	umami
green cabbage with vinaigrette	umami
gruyère cheese	umami
gougère	umami
guacamole	umami
roast guinea fowl	umami
breaded hake	umami
grilled hake	umami
grilled hake with lemon juice	umami
hake in tinfoil	umami
hake with sauce	umami
croque-monsieur	umami
ham with parsley	umami
hamburger	umami
hard boiled eggs	umami
hard boiled eggs with mayonnaise	umami
hard boiled eggs with salt	umami
hard boiled eggs with vinaigrette	umami
hazelnut	umami
herb tea	umami
herb teas with sugar	umami
herrings	umami
raw horseradish with salt	umami
hot dog	umami
hot drink made from chicory with sugar	umami
ice cream	umami
ice cream bars	umami
kebab	umami
kidneys with gravy	umami
Kiri cheese	umami
dried kiwi	umami
kiwi	umami
kouign-amann cake	umami
lamb with gravy	umami
roast lamb	umami
langres cheese	umami
lasagna	umami
latte with sugar	umami
latte without sugar	umami
melted leek	umami
leek with vinaigrette	umami
lemon	umami
lentils	umami
lentils salad	umami
light lager	umami
litchi	umami
litchi juice	umami
lobster armorican	umami
macaroons	umami
canned mackerel	umami
marinated mackerel	umami
moist sponge cake	umami
dried mango	umami
mango	umami
marinated mussels	umami
mascarpone cheese	umami
mashed potatoes	umami
mashed potatoes with butter	umami
pâté en croûte	umami
meatballs	umami
melon water	umami
merguez sausage	umami
meringue	umami
milk chocolate	umami
hot milk chocolate	umami
mimolette cheese	umami
minced beef patty	umami
mint	umami
mix fruits juice	umami
mix fruits salad	umami
mix fruits stewed	umami
mix vegetables and starch	umami
mix vegetables cooked	umami
mix vegetables juice	umami
mix vegetables salad	umami
mix vegetables soup	umami
mix vegetables soup with cream	umami
stewed mix vegetables	umami
mixed salads	umami
mixed salad starch based with cold cuts	umami
mixed salad starch based	umami
tomato based mixed salad	umami
mont d'or cheese	umami
montbéliard sausage	umami
morbier cheese	umami
mortadella	umami
morteau sausage	umami
moussaka	umami
mousse and liégeois with caramel	umami
mousse and liégeois with chocolate	umami
mousse and liégeois with coffee	umami
muffin	umami
munster cheese	umami
Munster cheese avec pain	umami
sautéed mushroom	umami
mushrooms with sauce	umami
muskmelon	umami
mussels with white wine cream sauce	umami
nectarine	umami
salty crackers	umami
black olives	umami
green olives	umami
omelette with cheese	umami
omelette with potatoes	umami
omelette with viandox	umami
omelette with vinegar	umami
orange	umami
orange juice	umami
oriental pastries	umami
oysters with lemon juice	umami
oysters without lemon juice	umami
paella	umami
palm hearts with vinaigrette	umami
parmesan cheese	umami
passion fruit	umami
unsalted pasta	umami
pasta with cheese and tomato sauce	umami
pasta with cheese	umami
pasta with gravy	umami
pasta with ketchup	umami
pasta with olive oil and cheese	umami
pasta with salt and butter	umami
pasta with salt	umami
pasta with soy sauce	umami
pasta with tomato sauce	umami
pasta gratin	umami
pasta with carbonara sauce	umami
pâtés	umami
peach	umami
stewed peach	umami
pear	umami
peas	umami
persimmon	umami
petit suisse	umami
petit suisse with sugar and cream	umami
petit suisse with sugar	umami
pickled pork with lentils	umami
pies	umami
roast pigeon	umami
pineapple	umami
pineapple in syrup	umami
pineapple juice	umami
dry salted pistachios	umami
pizzas	umami
plaice with lemon juice	umami
plaice without lemon juice	umami
plums	umami
pomelo	umami
pork with gravy	umami
roast pork	umami
potato chips	umami
potato croquettes	umami
potato gratin	umami
fried potatoes	umami
potato salad	umami
boiled potatoes	umami
potatoes with cheese	umami
potatoes with ketchup	umami
potatoes with mayonnaise	umami
potatoes with salt and dairy fat	umami
potatoes with salt	umami
potatoes with sauce	umami
potatoes without salt	umami
pound cake	umami
provolone cheese	umami
dried prunes	umami
broiled quail	umami
faisselle	umami
faisselle with sugar	umami
fromage blanc with fruits	umami
fromage blanc light with sugar	umami
fromage blanc with fruits	umami
quiches	umami
quinoa	umami
rabbit with gravy	umami
roast rabbit	umami
raclette cheese	umami
radish	umami
radish with salt and butter	umami
radish with salt	umami
raspberry	umami
raspberry with whipped cream	umami
raspberry jam	umami
raspberry cake	umami
raviolis	umami
reblochon cheese	umami
red cabbage with vinaigrette	umami
red mullet with lemon juice	umami
red mullet	umami
redcurrant	umami
redcurrant juice	umami
rhubarb jam	umami
stewed rhubarb	umami
rice pudding	umami
rillettes fish	umami
rillettes pork	umami
risotto	umami
roasted and salted peanuts	umami
rondelé cheese	umami
roquefort cheese	umami
rusk with butter and jam	umami
rusk with butter	umami
rusk with jam	umami
rusk with Nutella spread	umami
rye bread with butter	umami
rye bread without butter	umami
saint-agur cheese	umami
saint-agur cheese with bread	umami
saint-félicien cheese	umami
saint-marcelin cheese	umami
saint-moret cheese	umami
saint-moret with bread	umami
saint-paulin cheese	umami
salad with vinaigrette	umami
boiled salmon	umami
grilled salmon	umami
smoked salmon	umami
salsify	umami
salted butter caramel	umami
salted cake	umami
salted pies	umami
Samos cheese	umami
samosas	umami
sandwich with cold cuts	umami
sangria cocktail	umami
canned sardines	umami
canned sardines with lemon juice	umami
grilled sardines	umami
sauerkraut	umami
scallops	umami
sautéed scallops	umami
semolina	umami
semolina pudding	umami
shepherd's pie	umami
shortbread	umami
shrimp with mayonnaise	umami
smoked ham	umami
snails	umami
soft boiled eggs	umami
grilled sole	umami
grilled sole with lemon juice	umami
sour fruit candy	umami
sourdough bread with butter	umami
sourdough bread	umami
soy sprouts with soy sauce	umami
sparkling water	umami
sparkling water with lemon juice	umami
Mousseux	umami
spinach with cream	umami
spread with bread	umami
spring rolls	umami
squid	umami
stew	umami
ratatouille	umami
sticks and pretzels	umami
strawberry	umami
strawberry with cream and sugar	umami
strawberry with lemon juice	umami
strawberry with sugar	umami
strawberry jam	umami
strawberry juice	umami
strong lager	umami
stuffed chicken	umami
stuffed salty pancake	umami
stuffed puff pastries	umami
stuffed tomatoes	umami
stuffed veal	umami
stuffed zucchini	umami
surimi with mayonnaise	umami
sweet cookies with chocolate	umami
sweet cookies with fruits	umami
sweet corn	umami
sweet corn with mayonnaise	umami
sweet corn with vinaigrette	umami
sweet flaky cookies	umami
sweet pancake	umami
sweet pancake with Nutella spread	umami
sweet pancake with maple syrup	umami
sweet pancake with jam	umami
sweet pancake with marmalade of bitter orange	umami
sweet pancake with stewed fruits	umami
sweet pancake with sugar	umami
sauterne wines	umami
syrup with water	umami
taboulé	umami
tapenade	umami
tarama	umami
Tartare cheese	umami
tartiflette	umami
flavoured tea with sugar	umami
flavoured tea without sugar	umami
tea	umami
tea with sugar	umami
tiramisu	umami
toast with butter and jam	umami
toast with butter	umami
toast with jam	umami
toast of foie gras	umami
cooked tomato	umami
tomato	umami
tomato soup	umami
tomato with mayonnaise	umami
tomato with salt and olive oil	umami
tomato with salt	umami
tomato with salt, olive oil and mozzarella	umami
tomato with vinaigrette and mozzarella	umami
tomato with vinaigrette	umami
tomme de brebis cheese	umami
tomme de vache cheese	umami
toulouse sausage	umami
tripe	umami
fried trout	umami
canned tuna with vinaigrette	umami
turkey with gravy	umami
roast turkey	umami
turkey ham	umami
Vache-qui-rit cheese	umami
vacherin cheese with bread	umami
vanilla custard	umami
vegetable gratin	umami
vol-au-vent	umami
waffle	umami
waffle with Nutella spread	umami
dry walnut	umami
walnut bread	umami
wheat Ebly	umami
whisky	umami
white bread	umami
white bread with butter and honey	umami
white bread with butter	umami
white bread with jam	umami
white bread with Nutella spread	umami
white chocolate	umami
white rice	umami
white rice with curry sauce	umami
white rice with salt and fat	umami
white rice with salt	umami
white rice with tomato sauce	umami
white sandwich bread	umami
white sandwich bread with Nutella spread	umami
white sandwich bread with dairy fat	umami
white sandwich bread with jam and dairy fat	umami
white sandwich bread with jam	umami
white sausage	umami
grilled whiting	umami
steamed whiting	umami
whiting with sauce	umami
wholegrain bread	umami
wholegrain bread with butter	umami
wholegrain bread with jam	umami
whole wheat bread	umami
whole wheat bread with butter	umami
whole wheat bread with jam	umami
whole wheat sandwich bread with Nutella spread	umami
red wine	umami
rosé wine	umami
white wine	umami
flavoured yogurt	umami
flavoured light yogurt with fruit	umami
flavoured light yogurt with sugar	umami
plain yogurt with jam	umami
plain yogurt	umami
flavoured light yogurt drink	umami
zander	umami
zucchini	umami
dried almond	fatty
canned anchovies	fatty
fried anchovies	fatty
andouille sausage	fatty
andouillette sausage	fatty
kir	fatty
martini with lemon juice	fatty
martini	fatty
aperitif with anise	fatty
cooked apple	fatty
apple	fatty
apple juice	fatty
stewed apple	fatty
apple turnover	fatty
dried apricot	fatty
apricot juice	fatty
stewed apricots	fatty
apricot	fatty
artichoke with vinaigrette	fatty
asparagus with mayonnaise	fatty
asparagus with vinaigrette	fatty
avocado with lemon juice	fatty
avocado with mayonnaise	fatty
avocado with tuna	fatty
Babybel cheese	fatty
stir-fried bacon	fatty
baked ham	fatty
dried banana	fatty
banana	fatty
bass with lemon juice	fatty
bavarois fruit cake	fatty
beef with gravy	fatty
roast beef	fatty
beef bourguignon	fatty
alcohol-free beer	fatty
beetroot with vinaigrette	fatty
cooked bell pepper	fatty
marinated bell pepper	fatty
black blood pudding	fatty
blackberries with sugar and cream	fatty
blackberry jam	fatty
blackcurrant	fatty
Bleu d'Auvergne	fatty
Bleu d'Auvergne cheese with bread	fatty
Bleu de Bresse cheese	fatty
Bleu de Bresse cheese with bread	fatty
blueberry	fatty
blueberry jam	fatty
boar	fatty
bottled still water	fatty
boursin cheese	fatty
brandy	fatty
bread with bacon	fatty
breaded cod	fatty
breaded cod with ketchup	fatty
breaded cod with lemon juice	fatty
breakfast cereals with chocolate and milk	fatty
breakfast cereals with fruits	fatty
breakfast cereals with milk	fatty
brie cheese	fatty
brillat-savarin cheese	fatty
brioche	fatty
broccoli	fatty
broccoli purée	fatty
broccoli with cream	fatty
brown rice	fatty
brussels sprouts	fatty
bulgur	fatty
bun	fatty
bun with butter	fatty
bun with chocolate	fatty
bun with jam	fatty
bun with bitter orange marmelade	fatty
burbot	fatty
calf with gravy	fatty
roast calf	fatty
grilled calf livers	fatty
calf head with vinaigrette	fatty
camembert cheese	fatty
camembert cheese with bread	fatty
cancoillotte cheese	fatty
candied almond	fatty
liquorice candy	fatty
cantal cheese	fatty
caramel custard	fatty
cooked carrot	fatty
carrot juice	fatty
carrot	fatty
Carré frais	fatty
Carré frais with bread	fatty
raw carrot with lemon juice	fatty
carrot puree with cream	fatty
dry salted cashew nut	fatty
cassoulet	fatty
cauliflower	fatty
cauliflower with sauce	fatty
celeriac purée	fatty
celeriac remoulade	fatty
cervelas	fatty
champagne	fatty
champignons crus with vinaigrette	fatty
chaource cheese	fatty
friands au fromage	fatty
cherry	fatty
chestnut	fatty
chestnut purée	fatty
chicken cordon bleu	fatty
chicken cutlet	fatty
chicken with gravy	fatty
chicken roast	fatty
chili con carne	fatty
chinese fried rice	fatty
chipolata sausage	fatty
chocolate custard	fatty
chocolate bar	fatty
pain au chocolat	fatty
chocolate cake	fatty
chocolate cereal bar	fatty
chocolate chip cookie	fatty
chocolate croissant	fatty
chocolate with nut	fatty
chorizo	fatty
cider	fatty
clafoutis	fatty
clementine	fatty
cocktail with alcohol	fatty
coconut	fatty
steamed cod with mayonnaise	fatty
grilled cod with lemon juice	fatty
cod in aluminium wrapper with lemon juice	fatty
cod fritters	fatty
coffee with sugar	fatty
coffee without sugar	fatty
coffee custard	fatty
cola soda	fatty
comté cheese	fatty
cooked ham	fatty
cooked ham with salted butter	fatty
cooked ham with gherkin	fatty
cooked ham leg	fatty
coulommiers cheese	fatty
country-style bread	fatty
country-style bread with butter and jam	fatty
country-style bread with butter	fatty
couscous	fatty
semi-skimmed cow's milk	fatty
brown crab with mayonnaise	fatty
brown crab with vinaigrette	fatty
cracker with butter and jam	fatty
cracker with dairy fat	fatty
cracker with jam	fatty
cracker with Nutella spread	fatty
cream cake	fatty
crème brûlée	fatty
croissant	fatty
cucumber with vinaigrette	fatty
custard	fatty
custard tart	fatty
dandelions with vinaigrette	fatty
dark chocolate	fatty
dried date	fatty
donut	fatty
dry bean	fatty
dry goat cheese	fatty
dry sausage	fatty
dry-cured ham	fatty
roast duck	fatty
duck confit	fatty
foie gras	fatty
dumpling	fatty
edam cheese	fatty
egg custard	fatty
eggplant	fatty
emmental cheese	fatty
emmental cheese with bread	fatty
braised endive	fatty
cooked endive with sauce	fatty
endive salad	fatty
endives with ham	fatty
epoisses cheese	fatty
ewe cheese	fatty
expresso coffee	fatty
extruded salty crackers	fatty
fava beans	fatty
sautéed fennel	fatty
dried fig	fatty
fig	fatty
fish and seafood terrines	fatty
Flamby custard	fatty
flavoured sparkling water	fatty
flavoured water with lemon juice	fatty
iles flottantes	fatty
fortified wines	fatty
fourme d'ambert cheese	fatty
frankfurter and knack with mustard	fatty
frankfurter and knack	fatty
fresh goat cheese	fatty
fresh goat cheese with bread	fatty
fried eggs	fatty
frisée salad with vinaigrette	fatty
frogs with sauce	fatty
fruit cake	fatty
fruit candy	fatty
fruit charlotte	fatty
fruit crumble	fatty
fruit soda	fatty
fruit sorbet	fatty
fruit tart	fatty
fruit-flavoured beer	fatty
lambic beer	fatty
garlic sausage	fatty
gingerbread	fatty
gizzards	fatty
gnocchi	fatty
gorgonzola cheese	fatty
gouda cheese	fatty
dried grape	fatty
grape juice	fatty
grapefruit	fatty
grapefruit with sugar	fatty
grapefruit juice	fatty
green beans	fatty
green beans with fat	fatty
green beans with salt and fat	fatty
green beans with salt	fatty
cooked green cabbage	fatty
green cabbage with vinaigrette	fatty
gruyère cheese	fatty
gougère	fatty
guacamole	fatty
roast guinea fowl	fatty
breaded hake	fatty
grilled hake	fatty
grilled hake with lemon juice	fatty
hake in tinfoil	fatty
hake with sauce	fatty
croque-monsieur	fatty
ham with parsley	fatty
hamburger	fatty
hard boiled eggs	fatty
hard boiled eggs with mayonnaise	fatty
hard boiled eggs with salt	fatty
hard boiled eggs with vinaigrette	fatty
hazelnut	fatty
herb tea	fatty
herb teas with sugar	fatty
herrings	fatty
raw horseradish with salt	fatty
hot dog	fatty
hot drink made from chicory with sugar	fatty
ice cream	fatty
ice cream bars	fatty
kebab	fatty
kidneys with gravy	fatty
Kiri cheese	fatty
dried kiwi	fatty
kiwi	fatty
kouign-amann cake	fatty
lamb with gravy	fatty
roast lamb	fatty
langres cheese	fatty
lasagna	fatty
latte with sugar	fatty
latte without sugar	fatty
melted leek	fatty
leek with vinaigrette	fatty
lemon	fatty
lentils	fatty
lentils salad	fatty
light lager	fatty
litchi	fatty
litchi juice	fatty
lobster armorican	fatty
macaroons	fatty
canned mackerel	fatty
marinated mackerel	fatty
moist sponge cake	fatty
dried mango	fatty
mango	fatty
marinated mussels	fatty
mascarpone cheese	fatty
mashed potatoes	fatty
mashed potatoes with butter	fatty
pâté en croûte	fatty
meatballs	fatty
melon water	fatty
merguez sausage	fatty
meringue	fatty
milk chocolate	fatty
hot milk chocolate	fatty
mimolette cheese	fatty
minced beef patty	fatty
mint	fatty
mix fruits juice	fatty
mix fruits salad	fatty
mix fruits stewed	fatty
mix vegetables and starch	fatty
mix vegetables cooked	fatty
mix vegetables juice	fatty
mix vegetables salad	fatty
mix vegetables soup	fatty
mix vegetables soup with cream	fatty
stewed mix vegetables	fatty
mixed salads	fatty
mixed salad starch based with cold cuts	fatty
mixed salad starch based	fatty
tomato based mixed salad	fatty
mont d'or cheese	fatty
montbéliard sausage	fatty
morbier cheese	fatty
mortadella	fatty
morteau sausage	fatty
moussaka	fatty
mousse and liégeois with caramel	fatty
mousse and liégeois with chocolate	fatty
mousse and liégeois with coffee	fatty
muffin	fatty
munster cheese	fatty
Munster cheese avec pain	fatty
sautéed mushroom	fatty
mushrooms with sauce	fatty
muskmelon	fatty
mussels with white wine cream sauce	fatty
nectarine	fatty
salty crackers	fatty
black olives	fatty
green olives	fatty
omelette with cheese	fatty
omelette with potatoes	fatty
omelette with viandox	fatty
omelette with vinegar	fatty
orange	fatty
orange juice	fatty
oriental pastries	fatty
oysters with lemon juice	fatty
oysters without lemon juice	fatty
paella	fatty
palm hearts with vinaigrette	fatty
parmesan cheese	fatty
passion fruit	fatty
unsalted pasta	fatty
pasta with cheese and tomato sauce	fatty
pasta with cheese	fatty
pasta with gravy	fatty
pasta with ketchup	fatty
pasta with olive oil and cheese	fatty
pasta with salt and butter	fatty
pasta with salt	fatty
pasta with soy sauce	fatty
pasta with tomato sauce	fatty
pasta gratin	fatty
pasta with carbonara sauce	fatty
pâtés	fatty
peach	fatty
stewed peach	fatty
pear	fatty
peas	fatty
persimmon	fatty
petit suisse	fatty
petit suisse with sugar and cream	fatty
petit suisse with sugar	fatty
pickled pork with lentils	fatty
pies	fatty
roast pigeon	fatty
pineapple	fatty
pineapple in syrup	fatty
pineapple juice	fatty
dry salted pistachios	fatty
pizzas	fatty
plaice with lemon juice	fatty
plaice without lemon juice	fatty
plums	fatty
pomelo	fatty
pork with gravy	fatty
roast pork	fatty
potato chips	fatty
potato croquettes	fatty
potato gratin	fatty
fried potatoes	fatty
potato salad	fatty
boiled potatoes	fatty
potatoes with cheese	fatty
potatoes with ketchup	fatty
potatoes with mayonnaise	fatty
potatoes with salt and dairy fat	fatty
potatoes with salt	fatty
potatoes with sauce	fatty
potatoes without salt	fatty
pound cake	fatty
provolone cheese	fatty
dried prunes	fatty
broiled quail	fatty
faisselle	fatty
faisselle with sugar	fatty
fromage blanc with fruits	fatty
fromage blanc light with sugar	fatty
fromage blanc with fruits	fatty
quiches	fatty
quinoa	fatty
rabbit with gravy	fatty
roast rabbit	fatty
raclette cheese	fatty
radish	fatty
radish with salt and butter	fatty
radish with salt	fatty
raspberry	fatty
raspberry with whipped cream	fatty
raspberry jam	fatty
raspberry cake	fatty
raviolis	fatty
reblochon cheese	fatty
red cabbage with vinaigrette	fatty
red mullet with lemon juice	fatty
red mullet	fatty
redcurrant	fatty
redcurrant juice	fatty
rhubarb jam	fatty
stewed rhubarb	fatty
rice pudding	fatty
rillettes fish	fatty
rillettes pork	fatty
risotto	fatty
roasted and salted peanuts	fatty
rondelé cheese	fatty
roquefort cheese	fatty
rusk with butter and jam	fatty
rusk with butter	fatty
rusk with jam	fatty
rusk with Nutella spread	fatty
rye bread with butter	fatty
rye bread without butter	fatty
saint-agur cheese	fatty
saint-agur cheese with bread	fatty
saint-félicien cheese	fatty
saint-marcelin cheese	fatty
saint-moret cheese	fatty
saint-moret with bread	fatty
saint-paulin cheese	fatty
salad with vinaigrette	fatty
boiled salmon	fatty
grilled salmon	fatty
smoked salmon	fatty
salsify	fatty
salted butter caramel	fatty
salted cake	fatty
salted pies	fatty
Samos cheese	fatty
samosas	fatty
sandwich with cold cuts	fatty
sangria cocktail	fatty
canned sardines	fatty
canned sardines with lemon juice	fatty
grilled sardines	fatty
sauerkraut	fatty
scallops	fatty
sautéed scallops	fatty
semolina	fatty
semolina pudding	fatty
shepherd's pie	fatty
shortbread	fatty
shrimp with mayonnaise	fatty
smoked ham	fatty
snails	fatty
soft boiled eggs	fatty
grilled sole	fatty
grilled sole with lemon juice	fatty
sour fruit candy	fatty
sourdough bread with butter	fatty
sourdough bread	fatty
soy sprouts with soy sauce	fatty
sparkling water	fatty
sparkling water with lemon juice	fatty
Mousseux	fatty
spinach with cream	fatty
spread with bread	fatty
spring rolls	fatty
squid	fatty
stew	fatty
ratatouille	fatty
sticks and pretzels	fatty
strawberry	fatty
strawberry with cream and sugar	fatty
strawberry with lemon juice	fatty
strawberry with sugar	fatty
strawberry jam	fatty
strawberry juice	fatty
strong lager	fatty
stuffed chicken	fatty
stuffed salty pancake	fatty
stuffed puff pastries	fatty
stuffed tomatoes	fatty
stuffed veal	fatty
stuffed zucchini	fatty
surimi with mayonnaise	fatty
sweet cookies with chocolate	fatty
sweet cookies with fruits	fatty
sweet corn	fatty
sweet corn with mayonnaise	fatty
sweet corn with vinaigrette	fatty
sweet flaky cookies	fatty
sweet pancake	fatty
sweet pancake with Nutella spread	fatty
sweet pancake with maple syrup	fatty
sweet pancake with jam	fatty
sweet pancake with marmalade of bitter orange	fatty
sweet pancake with stewed fruits	fatty
sweet pancake with sugar	fatty
sauterne wines	fatty
syrup with water	fatty
taboulé	fatty
tapenade	fatty
tarama	fatty
Tartare cheese	fatty
tartiflette	fatty
flavoured tea with sugar	fatty
flavoured tea without sugar	fatty
tea	fatty
tea with sugar	fatty
tiramisu	fatty
toast with butter and jam	fatty
toast with butter	fatty
toast with jam	fatty
toast of foie gras	fatty
cooked tomato	fatty
tomato	fatty
tomato soup	fatty
tomato with mayonnaise	fatty
tomato with salt and olive oil	fatty
tomato with salt	fatty
tomato with salt, olive oil and mozzarella	fatty
tomato with vinaigrette and mozzarella	fatty
tomato with vinaigrette	fatty
tomme de brebis cheese	fatty
tomme de vache cheese	fatty
toulouse sausage	fatty
tripe	fatty
fried trout	fatty
canned tuna with vinaigrette	fatty
turkey with gravy	fatty
roast turkey	fatty
turkey ham	fatty
Vache-qui-rit cheese	fatty
vacherin cheese with bread	fatty
vanilla custard	fatty
vegetable gratin	fatty
vol-au-vent	fatty
waffle	fatty
waffle with Nutella spread	fatty
dry walnut	fatty
walnut bread	fatty
wheat Ebly	fatty
whisky	fatty
white bread	fatty
white bread with butter and honey	fatty
white bread with butter	fatty
white bread with jam	fatty
white bread with Nutella spread	fatty
white chocolate	fatty
white rice	fatty
white rice with curry sauce	fatty
white rice with salt and fat	fatty
white rice with salt	fatty
white rice with tomato sauce	fatty
white sandwich bread	fatty
white sandwich bread with Nutella spread	fatty
white sandwich bread with dairy fat	fatty
white sandwich bread with jam and dairy fat	fatty
white sandwich bread with jam	fatty
white sausage	fatty
grilled whiting	fatty
steamed whiting	fatty
whiting with sauce	fatty
wholegrain bread	fatty
wholegrain bread with butter	fatty
wholegrain bread with jam	fatty
whole wheat bread	fatty
whole wheat bread with butter	fatty
whole wheat bread with jam	fatty
whole wheat sandwich bread with Nutella spread	fatty
red wine	fatty
rosé wine	fatty
white wine	fatty
flavoured yogurt	fatty
flavoured light yogurt with fruit	fatty
flavoured light yogurt with sugar	fatty
plain yogurt with jam	fatty
plain yogurt	fatty
flavoured light yogurt drink	fatty
zander	fatty
zucchini	fatty
