Burj Khalifa	tall building
Empire State Building	tall building
One World Trade Center	tall building
Petronas Towers	tall building
Taipei 101	tall building
Jeddah Tower	tall building
Willis Tower	tall building
Merdeka 118	tall building
Chrysler Building	tall building
The Shard	tall building
7 World Trade Center	tall building
Shanghai Tower	tall building
Ryugyong Hotel	tall building
Trump Tower	tall building
33 Thomas Street	tall building
Lakhta Centre	tall building
Palace of Culture and Science	tall building
Lotte World Tower	tall building
Abraj Al Bait	tall building
Plaza Hotel	tall building
Montparnasse Tower	tall building
111 West 57th Street	tall building
30 St Mary Axe	tall building
Landmark 81	tall building
432 Park Avenue	tall building
2 World Trade Center	tall building
One Vanderbilt	tall building
Woolworth Building	tall building
Turning Torso	tall building
Grande Arche	tall building
875 North Michigan Avenue	tall building
Trump International Hotel and Tower	tall building
40 Wall Street	tall building
30 Rockefeller Plaza	tall building
20 Fenchurch Street	tall building
Kuala Lumpur Tower	tall building
270 Park Avenue	tall building
Torre Glòries	tall building
Fontainebleau Las Vegas	tall building
Transamerica Pyramid	tall building
Oriental Pearl Tower	tall building
Salesforce Tower	tall building
Abeno Harukas	tall building
Shanghai World Financial Center	tall building
MetLife Building	tall building
Kingdom Centre	tall building
Seagram Building	tall building
International Commerce Centre	tall building
30 Hudson Yards	tall building
Singer Building	tall building
Grand Lisboa	tall building
Philadelphia City Hall	tall building
Palais Royale	tall building
Yokohama Landmark Tower	tall building
Ping An Finance Centre	tall building
3 World Trade Center	tall building
4 World Trade Center	tall building
The Brooklyn Tower	tall building
New York Times Building	tall building
The Venetian Macao	tall building
Mohammed VI Tower	tall building
Q1 Tower	tall building
Jin Mao Tower	tall building
One Canada Square	tall building
Bank of China Tower	tall building
Commerzbank Tower	tall building
Metropolitan Life Insurance Company Tower	tall building
U.S. Bank Tower	tall building
Edifício Copan	tall building
Tour First	tall building
Sunshine 60	tall building
Sky Tower	tall building
Azabudai Hills Mori JP Tower	tall building
Citigroup Center	tall building
X-Seed 4000	tall building
Wilshire Grand Center	tall building
One57	tall building
One57	tall building
Tao Zhu Yin Yuan	tall building
Aon Center	tall building
Tokyu Kabukicho Tower	tall building
22 Bishopsgate	tall building
Karla Tower	tall building
One Times Square	tall building
China Media Group Guanghua Road Office Area	tall building
Pirelli Tower	tall building
Umeda Sky Building	tall building
Plasco Building	tall building
122 Leadenhall Street	tall building
John Hancock Tower	tall building
Torre Velasca	tall building
Yanggakdo International Hotel	tall building
Tuntex Sky Tower	tall building
Capital Gate	tall building
The 42	tall building
HSBC Building	tall building
Toranomon Hills	tall building
Residential Intempo	tall building
270 Park Avenue	tall building
St. Regis Chicago	tall building
Roppongi Hills Mori Tower	tall building
Tour Duo	tall building
Trump World Tower	tall building
BMW Headquarters	tall building
Mercury City Tower	tall building
Vehicle Assembly Building	tall building
Lipstick Building	tall building
World One	tall building
Shibuya Scramble Square	tall building
220 Central Park South	tall building
Cathedral of Learning	tall building
The Palazzo	tall building
Bank of America Tower	tall building
China Zun	tall building
CBS Building	tall building
Deutsche Bank Building	tall building
MesseTurm	tall building
The San Remo	tall building
The San Remo	tall building
UniCredit Tower	tall building
56 Leonard Street	tall building
Triumph Palace	tall building
Hearst Tower	tall building
Mode Gakuen Cocoon Tower	tall building
Istanbul Sapphire	tall building
383 Madison Avenue	tall building
8 Canada Square	tall building
Tribune Tower	tall building
Thamrin Nine	tall building
1211 Avenue of the Americas	tall building
Tower 42	tall building
CTF Finance Centre	tall building
Heron Tower	tall building
Fereshteh Pasargad Hotel	tall building
Barolo Palace	tall building
Kasumigaseki Building	tall building
Kavanagh building	tall building
Evolution Tower	tall building
63 Building	tall building
Los Angeles City Hall	tall building
One Astor Plaza	tall building
Princess Tower	tall building
Gate Tower Building	tall building
Al Hamra Tower	tall building
Main Tower	tall building
Olympic Tower	tall building
The Sky Taipei	tall building
First Canadian Place	tall building
Columbia Center	tall building
One Liberty Plaza	tall building
Sathorn Unique Tower	tall building
Confinanzas Financial Center	tall building
Cayan Tower	tall building
Gate of Europe	tall building
Al Faisaliah Centre	tall building
Equitable Building	tall building
550 Madison Avenue	tall building
Allianz Tower	tall building
Seat of the European Central Bank	tall building
660 Fifth Avenue	tall building
Bank of America Plaza	tall building
8 Spruce Street	tall building
Turkish House	tall building
Ministry of Foreign Affairs of Russia main building	tall building
Kenyatta International Convention Centre	tall building
American Radiator Building	tall building
Solow Building	tall building
Torres Blancas	tall building
Torre Picasso	tall building
Warsaw Spire	tall building
Jardine House	tall building
Shinjuku Toho Building	tall building
JPMorgan Chase Tower	tall building
Aqua	tall building
Marina 101	tall building
Torre de Cristal	tall building
Helmsley Building	tall building
Wrigley Building	tall building
Almas Tower	tall building
Edificio España	tall building
Comcast Technology Center	tall building
Tianjin Chow Tai Fook Binhai Center	tall building
Bahrain World Trade Center	tall building
Central Plaza	tall building
Trump International Hotel and Tower	tall building
Złota 44	tall building
Taipei Twin Towers	tall building
Triangle	tall building
70 Pine Street	tall building
Manhattan Municipal Building	tall building
Guoco Tower	tall building
Generali Tower	tall building
Encore	tall building
Złote Tarasy	tall building
200 West Street	tall building
200 West Street	tall building
General Electric Building	tall building
Torre Cepsa	tall building
4 Times Square	tall building
28 Liberty Street	tall building
Tour Hekla	tall building
Comcast Center	tall building
Wuhan Greenland Center	tall building
New York Life Building	tall building
The Link	tall building
Edifício Altino Arantes	tall building
City-Hochhaus Leipzig	tall building
Key Tower	tall building
Marunouchi Building	tall building
Tour Total	tall building
Raffles City Chongqing	tall building
Koryo Hotel	tall building
Beetham Tower	tall building
Freedom Tower	tall building
Centre Point	tall building
New York World Building	tall building
Azrieli Sarona Tower	tall building
Neva Towers	tall building
345 Park Avenue	tall building
345 Park Avenue	tall building
Oslo Plaza	tall building
Carlton Centre	tall building
JP Tower	tall building
One Worldwide Plaza	tall building
Williams Tower	tall building
Joelma Building	tall building
Zifeng Tower	tall building
Osaka Prefectural Government Sakishima Building	tall building
Kingkey 100	tall building
Haeundae LCT The Sharp	tall building
Cheung Kong Center	tall building
The Center	tall building
Midland Square	tall building
15 Penn Plaza	tall building
CMA CGM Tower	tall building
Belgrade Tower	tall building
Taipei Nan Shan Plaza	tall building
Rose Tower	tall building
53W53	tall building
Sanno Park Tower	tall building
Sanno Park Tower	tall building
De Rotterdam	tall building
Park Inn by Radisson Berlin Alexanderplatz	tall building
Terminal Tower	tall building
JR Central Towers	tall building
The Adelaide Hotel Toronto	tall building
Tour Part-Dieu	tall building
1 Wall Street	tall building
Guangzhou International Finance Center	tall building
Shell Centre	tall building
General Motors Building	tall building
The Scalpel	tall building
Aspire Tower	tall building
One Penn Plaza	tall building
Millennium Tower	tall building
Midtown Tower	tall building
55 Water Street	tall building
30 Park Place	tall building
Fisher Building	tall building
Smith Tower	tall building
Imperia Tower	tall building
Gran Torre Costanera	tall building
Tour Incity	tall building
Mirante do Vale	tall building
Post Tower	tall building
Mode Gakuen Spiral Towers	tall building
731 Lexington Avenue	tall building
Tokyo Opera City Tower	tall building
Telekom Tower	tall building
Swissôtel The Stamford	tall building
375 Pearl Street	tall building
Libeskind Tower	tall building
Tokiwabashi Tower	tall building
1221 Avenue of the Americas	tall building
Fubon Xinyi A25	tall building
1101 Brickell	tall building
Iberdrola Tower	tall building
Four Seasons Hotel New York	tall building
Palazzo Lombardia	tall building
Torre de Madrid	tall building
NBC Tower	tall building
BOK Tower	tall building
Torre PwC	tall building
Moshe Aviv Tower	tall building
Majakka	tall building
Centrum LIM	tall building
Eurotower	tall building
Shin-Marunouchi Building	tall building
Park Row Building	tall building
Water Tower Place	tall building
Tokyo Midtown Hibiya	tall building
Amazon Tower I	tall building
Amazon Tower I	tall building
Via 57 West	tall building
23 Marina	tall building
Hopewell Centre	tall building
Prime Tower	tall building
Bank of America Plaza	tall building
One Thousand Museum	tall building
One Thousand Museum	tall building
Shalom Meir Tower	tall building
Barclay-Vesey Building	tall building
Chase Tower	tall building
Exxon Building	tall building
Taichung Commercial Bank Headquarters	tall building
Doha Tower	tall building
The Marina Torch	tall building
AON Hanoi Landmark Tower	tall building
Aon Center	tall building
Torres de Colón	tall building
Andraus Building	tall building
Parsian Esteghlal Hotel	tall building
The Bow	tall building
Place Ville Marie	tall building
Place Ville Marie	tall building
Highcliff	tall building
Central Market Project	tall building
30 Hudson Street	tall building
Les Mercuriales	tall building
BahnTower	tall building
Suzhou Zhongnan Center	tall building
Act Tower	tall building
Paris Tribunal	tall building
Tower 185	tall building
Torre Ejecutiva Pemex	tall building
Shun Hing Square	tall building
Carew Tower	tall building
Pentominium	tall building
Edifício Itália	tall building
Tour Pleyel	tall building
Diamond Tower	tall building
60 Wall Street	tall building
Warsaw Trade Tower	tall building
Busan Lotte World Tower	tall building
AZ Tower	tall building
Harbour Centre	tall building
Metropolitan Life North Building	tall building
One Island East	tall building
The Sherry-Netherland	tall building
The Pinnacle@Duxton	tall building
Gebouw Delftse Poort	tall building
Ciel Tower	tall building
Living Shangri-La	tall building
Eurasia	tall building
Lake Point Tower	tall building
Southeast Financial Center	tall building
Burj Rafal	tall building
Silberturm	tall building
Britam Tower	tall building
Cadillac Place	tall building
Osaka Umeda Twin Towers South	tall building
Frost Bank Tower	tall building
Stantec Tower	tall building
Torre Insignia	tall building
China Resources Tower	tall building
330 West 42nd Street	tall building
26 Broadway	tall building
500 Fifth Avenue	tall building
Shibuya Mark City	tall building
Parc1	tall building
Westendstrasse 1	tall building
Yokohama City Hall	tall building
25 Bank Street	tall building
South Tower	tall building
Cologne Tower	tall building
Süzer Plaza	tall building
Tour Majunga	tall building
Hotel Kazakhstan	tall building
Tour To-Lyon	tall building
Sky Fort	tall building
Olivia Star	tall building
Rinku Gate Tower Building	tall building
77 West Wacker Drive	tall building
10 Hudson Yards	tall building
111 Westminster Street	tall building
Daily News Building	tall building
The Index	tall building
Capital Market Authority Headquarters	tall building
Scotia Plaza	tall building
Klovski Descent 7A	tall building
Richard J. Daley Center	tall building
1000 de La Gauchetière	tall building
20 Exchange Place	tall building
Chanin Building	tall building
150 North Riverside Chicago	tall building
1095 Avenue of the Americas	tall building
Prudential (Guaranty) Building	tall building
Morgan Stanley Building	tall building
801 Grand	tall building
Two Prudential Plaza	tall building
Rialto Towers	tall building
Hochhaus Uptown München	tall building
CITIC Plaza	tall building
Akasaka Biz Tower	tall building
Édifice Price	tall building
Édifice Price	tall building
Chinese People's Liberation Army Forces Hong Kong Building	tall building
JR Gate Tower	tall building
388 Greenwich Street	tall building
Truist Center (Charlotte)	tall building
Treptowers	tall building
Emirates Office Tower	tall building
Colonia-Haus	tall building
277 Park Avenue	tall building
Dubai Pearl	tall building
35 Hudson Yards	tall building
55 Hudson Yards	tall building
One Raffles Place	tall building
Le Meridien Taichung	tall building
One Prudential Plaza	tall building
JP Tower Nagoya	tall building
SPX Tower	tall building
One Court Square	tall building
One Churchill Place	tall building
Elite Residence	tall building
1250 René-Lévesque	tall building
KölnTriangle	tall building
Fairmont Pacific Rim	tall building
Day 1	tall building
Day 1	tall building
Tour Areva	tall building
Oxford Tower	tall building
Miami Tower	tall building
Hyatt Regency Paris Etoile	tall building
Shin Kong Life Tower	tall building
Wells Fargo Plaza	tall building
InterContinental Warsaw	tall building
Times Square Tower	tall building
90 West Street	tall building
The Masterpiece	tall building
Cœur Défense	tall building
Trianon	tall building
Marunouchi Park Building	tall building
Q22	tall building
W. R. Grace Building	tall building
Torre Eurosky	tall building
Nauru House	tall building
Tour La Marseillaise	tall building
Neuer Henninger Turm	tall building
Gate to the East	tall building
AfE-Turm	tall building
Church Office Building	tall building
Scandic Victoria Tower	tall building
AXA Equitable Center	tall building
Dorint Hotel Tower	tall building
Four Seasons Hotel Miami	tall building
311 South Wacker Drive	tall building
Saint Luke's Tower	tall building
Maastoren	tall building
Namaste Tower	tall building
Renaissance Tower	tall building
15 Hudson Yards	tall building
Paramount Plaza	tall building
Capital Towers	tall building
Carnegie Hall Tower	tall building
Cathay Landmark	tall building
RSA Battle House Tower	tall building
1501 Broadway	tall building
St George Wharf Tower	tall building
Torre Diamante	tall building
CNA Center	tall building
Brookfield Place	tall building
Dubai City Tower	tall building
Manhattan Life Insurance Building	tall building
Sky Tower	tall building
City Tower	tall building
CapitaSpring	tall building
Warsaw Unit	tall building
Empire Building	tall building
Suzhou IFS	tall building
Montauk Building	tall building
New York Tribune Building	tall building
White Swan Hotel	tall building
Sepehr Tower	tall building
U.S. Bank Center	tall building
Rembrandt Tower	tall building
Aura	tall building
Wuhan Center	tall building
City Investing Building	tall building
Tour de la Bourse	tall building
Europa Tower	tall building
14 Wall Street	tall building
One Manhattan Square	tall building
Broadgate Tower	tall building
Błękitny Wieżowiec	tall building
Random House Tower	tall building
Great American Tower at Queen City Square	tall building
Tour T1	tall building
Marine Building	tall building
APA Hotel & Resort Tokyo Bay Makuhari	tall building
The Pinnacle (Nairobi)	tall building
OpernTurm	tall building
Four Seasons Hotel and Residences	tall building
Sail Tower	tall building
Maple Leaf Square	tall building
V Tower	tall building
245 Park Avenue	tall building
Tour Défense 2000	tall building
Skyline Tower (New York City)	tall building
Chengdu Greenland Tower	tall building
Kabukiza Tower	tall building
Eskan Towers (Tehran)	tall building
Intraco I	tall building
TaunusTurm	tall building
Metropolitan Tower	tall building
Nagoya Lucent Tower	tall building
Sky	tall building
HongWell i-Tower	tall building
Dubai Towers Doha	tall building
U.S. Bancorp Tower	tall building
Tour Oxygène	tall building
SEG Plaza	tall building
Newfoundland Quay	tall building
Collini-Center	tall building
NITEL Building	tall building
SunTrust Plaza	tall building
Bank of America Center	tall building
Peace Palace	tall building
Nile City Towers	tall building
Finance Tower	tall building
Liberty Tower	tall building
Seneca One Tower	tall building
Gazprom Headquarters	tall building
Changsha IFS	tall building
Cosmopolitan Twarda 2/4	tall building
Al Yaqoub Tower	tall building
Baltimore World Trade Center	tall building
Bertelsmann Building	tall building
Address Boulevard	tall building
1201 Third Avenue	tall building
Banco Industrial Guatemala	tall building
Tour Carpe Diem	tall building
3 Hudson Boulevard	tall building
4/C	tall building
Centro de Comercio Internacional	tall building
452 Fifth Avenue	tall building
Q4346073	tall building
Capital Fort	tall building
250 East 57th Street	tall building
Gas Company Tower	tall building
Gallileo	tall building
Tour Trinity	tall building
Cocoa House	tall building
One Shell Plaza	tall building
Montevideo	tall building
1717 Broadway	tall building
Saman Twin Towers	tall building
TIFF Bell Lightbox	tall building
Tour Saint-Gobain	tall building
Bunkyo Civic Center	tall building
80 South Street	tall building
Dubai One Tower	tall building
One Madison	tall building
Sapporo Sosei Square	tall building
Samsung Tower Palace 3 – Tower G	tall building
140 Broadway	tall building
Hypo-Haus	tall building
One Bayfront Plaza	tall building
Tour Ariane	tall building
Empire Tower	tall building
Bank of America Center	tall building
Japan Center	tall building
Parsian Azadi Hotel	tall building
Faro Tower	tall building
International Commerce Center 1	tall building
Atlas Tower	tall building
Tour Sequana	tall building
Torre Europa	tall building
Capital Tower	tall building
One Shell Square	tall building
Matitone	tall building
Telecom Italia Tower	tall building
Two International Finance Centre	tall building
Tour EDF	tall building
Entisar Tower	tall building
Westhafen Tower	tall building
Hilton Izmir	tall building
120 Collins Street	tall building
140 New Montgomery	tall building
Hanza Tower	tall building
Bank Markazi Tower (Davudiyeh)	tall building
100 North Main Street	tall building
Morrison Hotel	tall building
599 Lexington Avenue	tall building
Rogier Tower	tall building
Chang-Gu World Trade Center	tall building
Ocean Heights	tall building
Tour de Lille	tall building
Socony-Mobil Building	tall building
WestendGate	tall building
Tour Granite	tall building
Constellation Place	tall building
Mistral Office Tower	tall building
One Grand Central Place	tall building
Telus Sky	tall building
Tun Mustapha Tower	tall building
Transamerica Tower	tall building
Zunda Towers	tall building
HaShahar Tower	tall building
CitySpire	tall building
10 Upper Bank Street	tall building
City Empiria	tall building
The Austonian	tall building
Essen City Hall	tall building
Hoftoren	tall building
The Landmark	tall building
Castellana 81	tall building
Haeundae I Park	tall building
Park Tower	tall building
Tour Alto	tall building
Nabemba Tower	tall building
FKI Tower	tall building
Standard Bank Centre	tall building
Bein Arim Tower	tall building
Huaguoyuan Tower 1	tall building
Taiwan Power Company Headquarters	tall building
Arraya Tower	tall building
Higashiyama Sky Tower	tall building
Takamatsu Symbol Tower	tall building
Diamond of Istanbul	tall building
Tour D2	tall building
Times Tower	tall building
The Landmark	tall building
Tour France	tall building
BT Tower	tall building
Mennica Legacy Tower	tall building
One Wall Centre	tall building
Western Union Telegraph Building	tall building
Tokyo Skytree East Tower	tall building
Taipei World Trade Centre International Trade Building	tall building
Friedrich-Engelhorn-Hochhaus	tall building
West Tower, Liverpool	tall building
Tour Silex 2	tall building
Tour La Villette	tall building
Pacific Star Building	tall building
Tikal Futura	tall building
Tour Sequoia	tall building
Metro Hall	tall building
120 Wall Street	tall building
Busan International Finance Center	tall building
Seljuk Tower	tall building
101 Collins Street	tall building
HHHR Tower	tall building
Global Gate	tall building
Corinthia Hotel Prague	tall building
Heritage Plaza	tall building
Pennzoil Place	tall building
Epcor Tower	tall building
Far Eastern Mega Tower	tall building
451 E. Grand	tall building
One America Plaza	tall building
NADYA PARK	tall building
Shimao International Plaza	tall building
Yomiuri Shimbun Building	tall building
The Pacifica	tall building
Lighthouse	tall building
CN Tower	tall building
Die Pyramide	tall building
50 West 66th Street	tall building
Marienturm	tall building
Meiji University Liberty Tower	tall building
Boissonade Tower	tall building
Gifu City Tower 43	tall building
300 North LaSalle	tall building
Tour Initiale	tall building
GIFT Diamond Tower	tall building
City-Haus	tall building
Antwerp Tower	tall building
Infinity Coast Tower	tall building
Atrium Tower	tall building
Tower 49	tall building
Emirates Crown	tall building
Babka Tower	tall building
Chongqing World Financial Center	tall building
Hotel Estelar Bocagrande	tall building
DAMAC Heights	tall building
San José City Hall	tall building
Tianjin World Financial Center	tall building
Frankfurter Büro Center	tall building
Eurovea Tower	tall building
Uni-President International Tower	tall building
Deutsche Bank Place	tall building
American Surety Building	tall building
Bangladesh Bank Building	tall building
The Concourse	tall building
StarWorld Hotel	tall building
Americas Tower	tall building
BellTel Lofts	tall building
Arag-Tower	tall building
Millennium Palace	tall building
Sheraton Huzhou Hot Spring Resort	tall building
First National Center	tall building
Tour Franklin	tall building
Westpoint Tower	tall building
Tour Eqho	tall building
Tour Adria	tall building
Tour Les Poissons	tall building
Victoria Towers	tall building
Gillender Building	tall building
Sparkasse Hagen office tower	tall building
Altus Skyscraper	tall building
Maison Radio-Canada	tall building
Chamran Grand Hotel	tall building
Hannibal	tall building
Walsin Lihwa Building	tall building
Hesperia Tower	tall building
Bayer-Hochhaus	tall building
Crowne Plaza Times Square	tall building
Sinar Mas Center	tall building
The Scene Johoku	tall building
Southern Sky Tower Hachioji	tall building
17 State Street	tall building
Waldorf Astoria Chicago	tall building
Beijing Television Cultural Center	tall building
Q2670504	tall building
UAP Tower	tall building
Dongguan International Trade Center 1	tall building
Tour Super-Italie	tall building
3 Park Avenue	tall building
Empire Landmark Hotel	tall building
Dalian Greenland Center	tall building
Xiamen International Centre	tall building
Federal Reserve Bank Building	tall building
Spektrum	tall building
Madou Plaza Tower	tall building
National Trade Center	tall building
Arteveldetoren	tall building
Raffles City Shanghai	tall building
Omiya Kadomachi	tall building
Champion Motors Tower	tall building
Shangri-La's Far Eastern Plaza Hotel Tainan	tall building
RBC Centre	tall building
Chicony Electronics Headquarters	tall building
Torre AXA México	tall building
Torre AXA México	tall building
650 California Street	tall building
Tour de la Banque Royale	tall building
Comega Building	tall building
Cadillac Tower	tall building
Lih-Rong An Imperial Crown Building	tall building
Nanning China Resources Tower	tall building
Sky Tower	tall building
Presidential Towers	tall building
Mirae Unha Tower	tall building
St. Paul Building	tall building
Doha Convention Center Tower	tall building
Negar Tower (Tehran)	tall building
Jing An Kerry Centre	tall building
50 West Street	tall building
Manitoba Hydro Place	tall building
Metropolitan Tower	tall building
Deji Plaza Phase 2	tall building
Ritz-Carlton Club and Residences	tall building
111 South Wacker Drive	tall building
Ames Building	tall building
Rezidence Eliška	tall building
Third Millennium Tower	tall building
City Place I	tall building
Büro Center Nibelungenplatz	tall building
181 West Madison Street	tall building
Tour Europlaza	tall building
Torre El Pedregal	tall building
One Boston Place	tall building
10 East 40th Street	tall building
Haperowiec Skyscraper	tall building
Trust Bank Building	tall building
Wells Fargo Center	tall building
IBC Tower	tall building
Pontsteiger building	tall building
Chelsea Tower	tall building
Hanking Center	tall building
Legacy Tower	tall building
55 Timeless	tall building
Casablanca Finance City Tower	tall building
Grand International Mansion	tall building
Hua Nan Bank World Trade Building	tall building
L Tower	tall building
Hochhaus Neue Donau	tall building
Exchange Tower	tall building
Tour Aurore	tall building
Cathedral Plaza Bucharest	tall building
Eurotheum	tall building
100 Federal Street	tall building
Mather Tower	tall building
Shenzhen Center	tall building
300 George Street, Brisbane	tall building
Aoi Tower	tall building
Tour Égée	tall building
AT&T Switching Center	tall building
Tour UP-site - UP-sitetoren	tall building
Shum Yip Upperhills Tower 1	tall building
Hybrid Tower Mestre	tall building
Sheraton Centre Toronto Hotel	tall building
HaYovel Tower	tall building
Tomorrow Square	tall building
Torre del Café	tall building
North Galaxy Towers	tall building
Tokyo World Gate	tall building
Teleposta Towers	tall building
The Langham	tall building
Tour CBX	tall building
Neo Sky Dome	tall building
Ritz-Carlton Toronto	tall building
Sulafa Tower	tall building
HOTO Tower	tall building
Enterprise Plaza	tall building
Manulife Centre	tall building
Sosan Hotel	tall building
Al Hekma Tower	tall building
mTower	tall building
Point Bornova	tall building
Ruentex Nangang Station Complex	tall building
Olympia Centre	tall building
Dalian Eton Center	tall building
Tours Odyssey	tall building
Category:Seed Cube Changdong	tall building
Millennium Tower	tall building
CenterPoint Energy Plaza	tall building
Chongnyon Hotel	tall building
610 Lexington Avenue	tall building
1600 Smith Street	tall building
PZU Tower in Warsaw	tall building
Four Seasons Hotel & Private Residences, One Dalton Street	tall building
Wells Fargo Tower	tall building
DuMont Building	tall building
Hsin Ji Building	tall building
Yokkaichi Port Building	tall building
Diamond Tower	tall building
TNC TV Building	tall building
125 High Street	tall building
China Online Centre	tall building
SV-Hochhaus	tall building
William R. Snodgrass Tennessee Tower	tall building
Hyatt Center	tall building
201 Portage	tall building
Neve Tzedek Tower	tall building
Messe Torhaus	tall building
Category:Widok Towers	tall building
Oman TiT	tall building
Garden Tower	tall building
Han-Lai New World Center	tall building
Farglory 95rich	tall building
Hudson's Bay Centre	tall building
The Met	tall building
Q64352933	tall building
Vision Tower	tall building
Capitol Center	tall building
Richardson Building	tall building
One The Elephant	tall building
Michelangelo Towers	tall building
Dalian International Trade Center	tall building
Hiroshima JP Building	tall building
Harwood Center	tall building
Club Premier	tall building
Bank of Mauritius Tower	tall building
Park Tower at Transbay	tall building
Longxi International Hotel	tall building
Chapter Spitalfields	tall building
Burnett Plaza	tall building
151 North Franklin	tall building
Loews Hotel Tower	tall building
Rothschild 22 Tower	tall building
One Nashville Place	tall building
Home Life Building	tall building
Simpson Tower	tall building
Chase Tower	tall building
DC Tower 3	tall building
Astro Tower	tall building
Aziz Court Imperial	tall building
Aziz Court Imperial	tall building
15 William	tall building
Amot Atrium Tower	tall building
138 East 50th Street	tall building
ANZ Centre	tall building
Harmony Square	tall building
Elm Place	tall building
Shanghai Wheelock Square	tall building
Xi An Glory International Financial Center	tall building
MiMA	tall building
Ghoghnoos Tower	tall building
Huntington Bank Building	tall building
Granville Square	tall building
1450 Brickell	tall building
Belmont Building	tall building
Three International Finance Center	tall building
Kettering Tower	tall building
Barclay Tower	tall building
555 17th Street	tall building
Nakheel Tower, Riyadh	tall building
Pacific Gas & Electric Building	tall building
Mansão Margarida Costa Pinto	tall building
Torre Banc de Sabadell	tall building
Q103964953	tall building
Ningbo Center	tall building
Babillon Tower	tall building
Eshkol Tower	tall building
Wenzhou World Trade Center	tall building
Ōarai Marine Tower	tall building
Park Tower	tall building
Simcoe Place	tall building
Inquirer Building	tall building
L'Avenue	tall building
Chongqing World Trade Center	tall building
Chongqing IFS T1	tall building
Altus House	tall building
Westpac House	tall building
Telus Tower	tall building
The Heritage at Millennium Park	tall building
U.S. Bank Center	tall building
IFC One Saigon	tall building
American Commerce Center	tall building
Tuntex Tower	tall building
JW Marriott Edmonton Ice District & Residences	tall building
Tour Neptune	tall building
Wells Fargo Plaza	tall building
Victoria One	tall building
Delta Toronto Hotel	tall building
Q3995129	tall building
Biurowiec Wojewódzki	tall building
Q109934109	tall building
JM Tower in Warsaw	tall building
Light House Melbourne	tall building
Light House Melbourne	tall building
Grande Maison Misonoza Tower	tall building
Sunland 41	tall building
Hon Kwok City Center	tall building
Riverview Plaza	tall building
Zaveltoren	tall building
Shaw Tower	tall building
MO82	tall building
Three First National Plaza	tall building
Cocola Front	tall building
19 Dutch	tall building
The Palace Pier	tall building
Khalid Al Attar Tower 2	tall building
Kanayama Minami Building	tall building
Alfredo Mahou Building	tall building
House of Press	tall building
Palác Vinohrady	tall building
Manulife Place	tall building
Mischek Tower	tall building
Hydro-Québec Building	tall building
Symbio-City	tall building
Plato Palace	tall building
Edmonton Tower	tall building
Square Capital Tower	tall building
Pao Huei Solitaire	tall building
Deloitte Centre	tall building
era de	tall building
Gofukucho Tower	tall building
Q11306787	tall building
Le Centre Sheraton Montreal Hotel	tall building
SaS group Tower	tall building
Union Bank Building	tall building
Fortune Center	tall building
Gibor Sport House	tall building
Crossland Oyabe	tall building
520 West 41st Street	tall building
1818 Market Street	tall building
Edificio Kronos	tall building
Torre di Porta Romana	tall building
City Center Plaza	tall building
Huaguoyuan Tower 2	tall building
Chongqing Tall Tower	tall building
Royal Centre	tall building
emCAMPUS	tall building
Tianjin Modern City Office Tower	tall building
Marquis Residences	tall building
Scotia Centre	tall building
Logan Century Center 1	tall building
Bocom Financial Towers	tall building
One Lujiazui	tall building
Westarkade	tall building
M-Palace	tall building
Q109439521	tall building
Iwaki Marine Tower	tall building
Global Strategy Center	tall building
The Sofia	tall building
222 Second Street	tall building
222 Second Street	tall building
Chang Fu Jin Mao Tower	tall building
One Cleveland Center	tall building
Edifício do Tribunal de Justiça de São Paulo	tall building
HNA Building	tall building
TC Energy Tower	tall building
Zhongzhou Holdings Financial Center	tall building
Tuntex Highrise Building	tall building
Woodward's 43	tall building
Nexen Building, Calgary	tall building
8 Korfantego Street in Katowice	tall building
Newport Tower	tall building
360 Main	tall building
Q60848300	tall building
Golden Acre	tall building
Hamarikyu Intercity	tall building
Two Bloor West	tall building
Park Tower Condominiums	tall building
One St. Petersburg	tall building
Lotte Cinema World Tower	tall building
Canterra Tower	tall building
