YouTube	company founded long ago
Yandex	company founded long ago
Premier League	company founded long ago
Google	company founded long ago
Wagner Group	company founded long ago
Pornhub	company founded long ago
Meta Platforms	company founded long ago
Omegle	company founded long ago
VK	company founded long ago
Netflix	company founded long ago
Telegram	company founded long ago
Flipkart	company founded long ago
XVideos	company founded long ago
Apple	company founded long ago
Amazon	company founded long ago
The Pirate Bay	company founded long ago
OnlyFans	company founded long ago
LaLiga	company founded long ago
xHamster	company founded long ago
Twitch	company founded long ago
Korean Broadcasting System	company founded long ago
YouTube Music	company founded long ago
McDonald’s	company founded long ago
Serie A	company founded long ago
National Basketball Association	company founded long ago
Pinterest	company founded long ago
YouTube Premium	company founded long ago
Microsoft	company founded long ago
Juventus FC	company founded long ago
Tesla, Inc.	company founded long ago
Nike	company founded long ago
Canva	company founded long ago
LVMH	company founded long ago
Spotify	company founded long ago
BlackRock	company founded long ago
Major League Soccer	company founded long ago
Stellantis	company founded long ago
Thai Public Broadcasting Service	company founded long ago
Studio Ghibli	company founded long ago
Adidas AG	company founded long ago
Lamborghini	company founded long ago
The Walt Disney Company	company founded long ago
Ligue 1	company founded long ago
WWE	company founded long ago
AmBev	company founded long ago
BMW	company founded long ago
Deutsche Welle	company founded long ago
KFC	company founded long ago
Toyota	company founded long ago
Ultimate Fighting Championship	company founded long ago
Samsung	company founded long ago
PayPal	company founded long ago
Amazon Prime Video	company founded long ago
IKEA	company founded long ago
Turkish Radio and Television Corporation	company founded long ago
National Football League	company founded long ago
AFC Ajax	company founded long ago
Volkswagen	company founded long ago
Twitter, Inc.	company founded long ago
BBC	company founded long ago
Nintendo	company founded long ago
Volkswagen Group	company founded long ago
Starbucks	company founded long ago
Gucci	company founded long ago
Walmart	company founded long ago
eBay	company founded long ago
Steam	company founded long ago
Google Play	company founded long ago
Sinaloa Cartel	company founded long ago
Ford Motor Company	company founded long ago
Airbnb	company founded long ago
Alphabet Inc.	company founded long ago
Ferrari S.p.A.	company founded long ago
Major League Baseball	company founded long ago
SpaceX	company founded long ago
Porsche	company founded long ago
World Health Organization	company founded long ago
DreamWorks Animation	company founded long ago
RAI	company founded long ago
Ryanair	company founded long ago
VK	company founded long ago
Indian Space Research Organisation	company founded long ago
East India Company	company founded long ago
Louis Vuitton	company founded long ago
General Motors	company founded long ago
Pixar	company founded long ago
HDFC Bank	company founded long ago
Nestlé	company founded long ago
Nvidia	company founded long ago
ZDF	company founded long ago
A24	company founded long ago
Korea Educational Broadcasting System	company founded long ago
MCOT	company founded long ago
IBM	company founded long ago
The Vanguard Group	company founded long ago
Paramount Pictures	company founded long ago
MG Car Company Limited	company founded long ago
Burger King	company founded long ago
Stanford University	company founded long ago
Massachusetts Institute of Technology	company founded long ago
Berkshire Hathaway	company founded long ago
Lidl	company founded long ago
Sony	company founded long ago
Audi	company founded long ago
Warner Bros.	company founded long ago
Alibaba Group	company founded long ago
Tencent	company founded long ago
H&M	company founded long ago
Universal Pictures	company founded long ago
National Hockey League	company founded long ago
Tinder	company founded long ago
Honda	company founded long ago
Mattel	company founded long ago
The Coca-Cola Company	company founded long ago
Nokia	company founded long ago
Shopee	company founded long ago
Yale University	company founded long ago
Epic Games	company founded long ago
Hybe Corporation	company founded long ago
DC Comics	company founded long ago
OLX	company founded long ago
Silicon Valley Bank	company founded long ago
avito.ru	company founded long ago
Costco	company founded long ago
Boeing	company founded long ago
Emirates	company founded long ago
Rockstar Games	company founded long ago
JPMorgan Chase	company founded long ago
Zara	company founded long ago
SMILE-UP	company founded long ago
Unilever	company founded long ago
PepsiCo	company founded long ago
Purdue Pharma	company founded long ago
Marvel Comics	company founded long ago
Xiaomi	company founded long ago
iTunes	company founded long ago
All Elite Wrestling	company founded long ago
Ozon	company founded long ago
HBO	company founded long ago
Nissan	company founded long ago
Aldi	company founded long ago
Columbia Pictures	company founded long ago
Balenciaga	company founded long ago
Radio Free Europe/Radio Liberty	company founded long ago
Rotten Tomatoes	company founded long ago
Decathlon	company founded long ago
7-Eleven	company founded long ago
Brazzers	company founded long ago
Cali nueva generación	company founded long ago
Voice of America	company founded long ago
Disneyland	company founded long ago
Renault	company founded long ago
Hyundai Motor Company	company founded long ago
Uber Technology	company founded long ago
Lockheed Martin	company founded long ago
Accenture	company founded long ago
Puma SE	company founded long ago
Lenovo	company founded long ago
Digikala	company founded long ago
Oracle	company founded long ago
Chevrolet	company founded long ago
Chaturbate	company founded long ago
Tata Group ||∆LY||	company founded long ago
Škoda Auto	company founded long ago
PBS	company founded long ago
Credit Suisse	company founded long ago
Metro-Goldwyn-Mayer	company founded long ago
Kia	company founded long ago
Kering	company founded long ago
Nickelodeon	company founded long ago
Opel	company founded long ago
XFL	company founded long ago
Federal Reserve System	company founded long ago
Lufthansa	company founded long ago
Saudi Aramco	company founded long ago
McLaren	company founded long ago
Cartoon Network	company founded long ago
Intel	company founded long ago
booking.com	company founded long ago
Deloitte	company founded long ago
Delta Air Lines	company founded long ago
Siemens	company founded long ago
FromSoftware	company founded long ago
HSBC	company founded long ago
Binance	company founded long ago
Huawei	company founded long ago
Mazda	company founded long ago
Marvel Studios	company founded long ago
Fiat	company founded long ago
Walt Disney Pictures	company founded long ago
ByteDance	company founded long ago
Foxconn	company founded long ago
Leroy Merlin	company founded long ago
YG Entertainment	company founded long ago
Princeton University	company founded long ago
General Electric	company founded long ago
Kinopoisk	company founded long ago
Warner Bros. Discovery	company founded long ago
Peugeot	company founded long ago
Reserve Bank of India	company founded long ago
Reliance Industries Limited	company founded long ago
White Star Line	company founded long ago
Academi	company founded long ago
TSMC	company founded long ago
Infosys ||∆LY|| [LALU PRASAD YADAV.,COMPANY]	company founded long ago
SoundCloud	company founded long ago
Rolls-Royce Motor Cars	company founded long ago
Electronic Arts	company founded long ago
Carrefour Group	company founded long ago
Airbus Group	company founded long ago
Los Zetas	company founded long ago
Bugatti Automobiles	company founded long ago
Volvo Cars	company founded long ago
Chanel	company founded long ago
Lehman Brothers	company founded long ago
Ultimate Kronos Group	company founded long ago
United Airlines	company founded long ago
Bigmotor	company founded long ago
Dutch East India Company	company founded long ago
Christian Dior	company founded long ago
Valve Corporation	company founded long ago
Goldman Sachs	company founded long ago
Tata Motors Ltd	company founded long ago
Rolex	company founded long ago
DHL	company founded long ago
Mondelez International	company founded long ago
City Football Group	company founded long ago
American Airlines	company founded long ago
Samsung Electronics	company founded long ago
Koninklijke Philips NV	company founded long ago
20th Century Studios	company founded long ago
Procter & Gamble	company founded long ago
Land Rover	company founded long ago
BP	company founded long ago
Sega	company founded long ago
Ernst & Young	company founded long ago
Wizz Air	company founded long ago
State Bank of India	company founded long ago
CNN	company founded long ago
Theranos	company founded long ago
Fox Broadcasting Company	company founded long ago
UBS	company founded long ago
Qatar Airways	company founded long ago
NXIVM	company founded long ago
Motorola	company founded long ago
Vietnam Television	company founded long ago
Shell	company founded long ago
JYP Entertainment	company founded long ago
Turkish Airlines	company founded long ago
Betika	company founded long ago
Al Jazeera	company founded long ago
Ubisoft	company founded long ago
Fiverr	company founded long ago
X Corp.	company founded long ago
Walt Disney World Resort	company founded long ago
Riot Games	company founded long ago
Serie B	company founded long ago
Jalisco New Generation Cartel	company founded long ago
bet365	company founded long ago
Victoria's Secret	company founded long ago
UNIQLO	company founded long ago
Hugo Boss	company founded long ago
Forever Living Products	company founded long ago
Alfa Romeo	company founded long ago
France 24	company founded long ago
Jeep	company founded long ago
Crunchyroll	company founded long ago
ASUS	company founded long ago
Air India	company founded long ago
Pizza Hut	company founded long ago
Versace	company founded long ago
AB Volvo	company founded long ago
PricewaterhouseCoopers	company founded long ago
SM Entertainment	company founded long ago
Shein	company founded long ago
Bank of America	company founded long ago
Anheuser-Busch InBev	company founded long ago
Illumination	company founded long ago
Bilibili	company founded long ago
Bethesda Softworks	company founded long ago
Maserati	company founded long ago
Geely	company founded long ago
Adani Group	company founded long ago
Pinkerton Government Services	company founded long ago
American Broadcasting Company	company founded long ago
Fox News	company founded long ago
Harley-Davidson	company founded long ago
Subaru	company founded long ago
Hulu	company founded long ago
Cloudflare	company founded long ago
Ferrero SpA	company founded long ago
Guinness	company founded long ago
Pan Am	company founded long ago
Duolingo	company founded long ago
Warner Bros. Pictures	company founded long ago
Channel 4	company founded long ago
Suzuki	company founded long ago
Wells Fargo	company founded long ago
Hewlett-Packard	company founded long ago
Cupra	company founded long ago
Koenigsegg	company founded long ago
Jaguar Cars	company founded long ago
Cadillac	company founded long ago
Mercado Libre	company founded long ago
NBC	company founded long ago
Cirque du Soleil	company founded long ago
Etihad Airways	company founded long ago
Mercedes-Benz Group	company founded long ago
Super League Greece	company founded long ago
Eurochannel	company founded long ago
L’Oréal	company founded long ago
Amazon Web Services	company founded long ago
OnePlus	company founded long ago
Citroën	company founded long ago
Subway	company founded long ago
Bugatti	company founded long ago
Tata Consultancy Services	company founded long ago
Euronews	company founded long ago
Wattpad	company founded long ago
Comcast	company founded long ago
Swiggy	company founded long ago
Walt Disney Animation Studios	company founded long ago
Zoom Video Communications	company founded long ago
Cathay Pacific	company founded long ago
Adobe	company founded long ago
British Airways	company founded long ago
Naughty Dog	company founded long ago
The Lego Group	company founded long ago
The CW	company founded long ago
Etsy	company founded long ago
Bentley	company founded long ago
T-Series	company founded long ago
Chrysler	company founded long ago
Universal Music Group	company founded long ago
Saab	company founded long ago
BYD Auto	company founded long ago
Anheuser-Busch	company founded long ago
Oppo Electronics	company founded long ago
Vodafone	company founded long ago
Capcom	company founded long ago
DreamWorks	company founded long ago
easyJet	company founded long ago
Square Enix	company founded long ago
CBS	company founded long ago
WeWork	company founded long ago
Kotak Mahindra Bank	company founded long ago
AT&T	company founded long ago
Red Bull GmbH	company founded long ago
Hermès	company founded long ago
Salesforce	company founded long ago
Life Insurance Corporation of India	company founded long ago
AMD	company founded long ago
Williams Racing	company founded long ago
Revolut	company founded long ago
McKinsey & Company	company founded long ago
Dacia	company founded long ago
Blumhouse Productions	company founded long ago
Al Arabiya	company founded long ago
Quora	company founded long ago
ASML Holding	company founded long ago
Disneyland Paris	company founded long ago
Moulin Rouge	company founded long ago
Indian Railways	company founded long ago
RTVE	company founded long ago
ARD	company founded long ago
Pfizer	company founded long ago
Temu	company founded long ago
Mediacorp	company founded long ago
VfL Wolfsburg	company founded long ago
Activision Blizzard	company founded long ago
NHK	company founded long ago
Enron	company founded long ago
Groupe PSA	company founded long ago
Hollywoodbets	company founded long ago
Bayer	company founded long ago
LIV Golf	company founded long ago
France Télévisions	company founded long ago
Michelin	company founded long ago
Blizzard Entertainment	company founded long ago
Activision Publishing	company founded long ago
ExxonMobil	company founded long ago
Scuderia AlphaTauri	company founded long ago
miHoYo	company founded long ago
Indeed	company founded long ago
Swarovski	company founded long ago
Jack Daniel's	company founded long ago
Creative Commons	company founded long ago
Kehlsteinhaus	company founded long ago
Dell Inc.	company founded long ago
University of Southern California	company founded long ago
AirAsia	company founded long ago
Domino’s Pizza	company founded long ago
Maybach	company founded long ago
Harrods	company founded long ago
Philip Morris International	company founded long ago
Shopify	company founded long ago
American Express	company founded long ago
Neuralink	company founded long ago
Hanna-Barbera	company founded long ago
Mitsubishi Motors	company founded long ago
Sony Interactive Entertainment	company founded long ago
Airbus	company founded long ago
Johnson & Johnson	company founded long ago
Buc-ee's	company founded long ago
KLM	company founded long ago
Televisión Nacional de Chile	company founded long ago
Madhouse	company founded long ago
Telewizja Polska	company founded long ago
New Line Cinema	company founded long ago
Paramount Global	company founded long ago
Diageo	company founded long ago
MTV	company founded long ago
Reebok	company founded long ago
Southwest Airlines	company founded long ago
Disney Channel	company founded long ago
Berghain	company founded long ago
ITA Airways	company founded long ago
Morgan Stanley	company founded long ago
Silk Road	company founded long ago
Larian Studios	company founded long ago
FedEx	company founded long ago
TV Globo	company founded long ago
RT	company founded long ago
Air France	company founded long ago
Marriott International	company founded long ago
Mitsubishi	company founded long ago
Hitachi	company founded long ago
Canadian Broadcasting Corporation	company founded long ago
Hasbro	company founded long ago
All Nippon Airways	company founded long ago
The Home Depot	company founded long ago
Rivian Automotive	company founded long ago
YouPorn	company founded long ago
New Japan Pro-Wrestling	company founded long ago
Singapore Airlines	company founded long ago
Rheinmetall AG	company founded long ago
Rusich	company founded long ago
Telemundo	company founded long ago
Dolce & Gabbana	company founded long ago
Embraer	company founded long ago
CrossFit	company founded long ago
NASCAR	company founded long ago
Baidu	company founded long ago
Yandex Music	company founded long ago
Skyscanner	company founded long ago
BAE Systems	company founded long ago
Avalanche Software	company founded long ago
Endeavor Group Holdings, Inc.	company founded long ago
Udemy	company founded long ago
Panasonic Holdings Corporation	company founded long ago
BASF	company founded long ago
Lotus Cars	company founded long ago
Northrop Grumman	company founded long ago
Heineken	company founded long ago
Alstom	company founded long ago
Metropolitan Museum of Art	company founded long ago
ICICI Bank	company founded long ago
New Balance	company founded long ago
Yash Raj Films	company founded long ago
Gazprom	company founded long ago
Chery	company founded long ago
Target Corporation	company founded long ago
Doordarshan	company founded long ago
BNP Paribas	company founded long ago
Kodak	company founded long ago
Tijuana Cartel	company founded long ago
Dartmouth College	company founded long ago
Cisco Systems	company founded long ago
Inditex	company founded long ago
Acapulco	company founded long ago
Toshiba	company founded long ago
MG Motor	company founded long ago
Musée d'Orsay	company founded long ago
Scania	company founded long ago
Yamaha Corporation	company founded long ago
Sberbank	company founded long ago
MSC Cruises	company founded long ago
The Blackstone Group	company founded long ago
Total Nonstop Action Wrestling	company founded long ago
Toei Animation	company founded long ago
Skydance Media	company founded long ago
Deutsche Bank	company founded long ago
Dunkin' Donuts	company founded long ago
Gulf Cartel	company founded long ago
Studio 54	company founded long ago
Belsat TV	company founded long ago
Rakuten	company founded long ago
Duke University	company founded long ago
Saudia	company founded long ago
Reuters	company founded long ago
Caterpillar Inc.	company founded long ago
Russian Aircraft Corporation MiG	company founded long ago
Pagani	company founded long ago
Prada	company founded long ago
Max	company founded long ago
McDonnell Douglas	company founded long ago
Superbet	company founded long ago
Qantas	company founded long ago
Japan Airlines	company founded long ago
Standard Oil	company founded long ago
App Store	company founded long ago
Visa Inc.	company founded long ago
China Central Television	company founded long ago
Tim Hortons	company founded long ago
DNS (store chain)	company founded long ago
Levi Strauss & Co.	company founded long ago
Lacoste	company founded long ago
Monsanto	company founded long ago
Hisense	company founded long ago
EVA Air	company founded long ago
BYD Company	company founded long ago
Yonhap News Agency	company founded long ago
Robert Bosch	company founded long ago
KTM AG	company founded long ago
ASICS	company founded long ago
Peacock	company founded long ago
Radio Free Asia	company founded long ago
Mastercard	company founded long ago
McLaren Automotive	company founded long ago
MakeMyTrip	company founded long ago
University of Notre Dame	company founded long ago
Coursera	company founded long ago
Locanto	company founded long ago
Wendy's	company founded long ago
Realme	company founded long ago
Qualcomm	company founded long ago
China Airlines	company founded long ago
ESPN	company founded long ago
Konami	company founded long ago
Chick-fil-A	company founded long ago
Tesco	company founded long ago
TCL Technology	company founded long ago
Marina Bay Sands	company founded long ago
MAPPA	company founded long ago
SAP	company founded long ago
Palantir Technologies	company founded long ago
SEAT	company founded long ago
Royal Caribbean International	company founded long ago
SoftBank Group	company founded long ago
Amtrak	company founded long ago
Danone	company founded long ago
Bitly	company founded long ago
Deere & Company	company founded long ago
Johns Hopkins University	company founded long ago
Romeo	company founded long ago
Bata Limited	company founded long ago
Food and Agriculture Organization	company founded long ago
United Parcel Service	company founded long ago
Mercedes-AMG	company founded long ago
Schneider Electric	company founded long ago
Wipro	company founded long ago
Agence France-Presse	company founded long ago
University of Bologna	company founded long ago
Billboard	company founded long ago
TV Tokyo	company founded long ago
LG Electronics	company founded long ago
DAZN	company founded long ago
Take-Two Interactive	company founded long ago
Buick	company founded long ago
Sukhoi	company founded long ago
SPAR	company founded long ago
Alexa Internet	company founded long ago
INEOS	company founded long ago
BlueStacks	company founded long ago
Lay’s	company founded long ago
Under Armour	company founded long ago
ABB Group	company founded long ago
Tinkoff Bank	company founded long ago
Dream11	company founded long ago
Yum! Brands	company founded long ago
Primark	company founded long ago
Kyoto Animation	company founded long ago
Google Workspace	company founded long ago
Gatorade	company founded long ago
The North Face, Inc.	company founded long ago
United States Postal Service	company founded long ago
Häagen-Dazs	company founded long ago
Blockbuster LLC	company founded long ago
Blue Sky Studios	company founded long ago
Trigger	company founded long ago
Richemont	company founded long ago
Jaguar Land Rover	company founded long ago
Vauxhall	company founded long ago
DS Automobiles	company founded long ago
Cadbury	company founded long ago
Pluto TV	company founded long ago
AOL	company founded long ago
Bet9ja	company founded long ago
Aeroflot	company founded long ago
Mahindra & Mahindra	company founded long ago
Cargill	company founded long ago
Taco Bell	company founded long ago
DKP	company founded long ago
Macy's	company founded long ago
Patreon	company founded long ago
Mini	company founded long ago
BlackBerry	company founded long ago
ELO	company founded long ago
New Relic	company founded long ago
First Republic Bank	company founded long ago
Serie C	company founded long ago
Ligue 2	company founded long ago
Amway	company founded long ago
Tiffany & Co.	company founded long ago
Beretta	company founded long ago
Iran International	company founded long ago
Luxottica	company founded long ago
BBK Electronics	company founded long ago
Rambler	company founded long ago
Mojang Studios	company founded long ago
Motown	company founded long ago
Barclays	company founded long ago
Lucasfilm	company founded long ago
Stratton Oakmont	company founded long ago
Exor	company founded long ago
Haier	company founded long ago
Nippon Professional Baseball	company founded long ago
Capgemini	company founded long ago
SAIC Motor	company founded long ago
Takarazuka Revue	company founded long ago
The Daily Wire	company founded long ago
Armani	company founded long ago
Isuzu	company founded long ago
Napster	company founded long ago
Lululemon Athletica	company founded long ago
Citigroup	company founded long ago
Grammarly	company founded long ago
GoDaddy	company founded long ago
European Central Bank	company founded long ago
Museum of Modern Art	company founded long ago
Chevron Corporation	company founded long ago
Bacardi	company founded long ago
Fox Corporation	company founded long ago
Europa-Park	company founded long ago
Daihatsu	company founded long ago
JetBlue Airways	company founded long ago
JBL	company founded long ago
Atari	company founded long ago
Trans World Airlines	company founded long ago
Citibank	company founded long ago
White Rose	company founded long ago
Malaysia Airlines	company founded long ago
Maersk	company founded long ago
Hennessy	company founded long ago
General Dynamics	company founded long ago
Iveco	company founded long ago
Dr. Martens	company founded long ago
France Inter	company founded long ago
Model Media	company founded long ago
Larsen & Toubro	company founded long ago
Südwestrundfunk	company founded long ago
3M	company founded long ago
Kellanova	company founded long ago
GB News	company founded long ago
TotalEnergies	company founded long ago
Deutsche Bahn	company founded long ago
Best Buy	company founded long ago
Daewoo	company founded long ago
Smart	company founded long ago
Viz Media	company founded long ago
Air Canada	company founded long ago
Ufotable	company founded long ago
Axis Bank	company founded long ago
Marvel Entertainment	company founded long ago
Hooters	company founded long ago
Tokio	company founded long ago
Maggi	company founded long ago
Starlux Airlines	company founded long ago
Red Chillies Entertainment	company founded long ago
Badoo	company founded long ago
Dyson	company founded long ago
El Al Israel Airlines Ltd.	company founded long ago
Yakult	company founded long ago
Walt Disney Studios Motion Pictures	company founded long ago
Vespa	company founded long ago
Cartier	company founded long ago
Warner Music Group	company founded long ago
Condor Flugdienst	company founded long ago
Sony Music	company founded long ago
Hard Rock Cafe	company founded long ago
Kahoot!	company founded long ago
Iran Khodro	company founded long ago
RedTube	company founded long ago
NBCUniversal	company founded long ago
Lionsgate	company founded long ago
Al Aoula	company founded long ago
Iberia	company founded long ago
Casio	company founded long ago
Lucid Motors	company founded long ago
A-1 Pictures	company founded long ago
Lancia	company founded long ago
Miramax	company founded long ago
Fiat Chrysler Automobiles	company founded long ago
Rumble	company founded long ago
Maruti Suzuki	company founded long ago
Cunard Line	company founded long ago
National Payments Corporation of India	company founded long ago
Australian Broadcasting Corporation	company founded long ago
DC Entertainment	company founded long ago
Norddeutscher Rundfunk	company founded long ago
SIG Sauer	company founded long ago
Channel One Russia	company founded long ago
Shueisha	company founded long ago
Bayerischer Rundfunk	company founded long ago
Koch Industries	company founded long ago
Mediterranean Shipping Company	company founded long ago
Tokyo Disneyland	company founded long ago
Popeyes	company founded long ago
Russian Railways	company founded long ago
Trader Joe's	company founded long ago
Thales Group	company founded long ago
Pearl Milling Company	company founded long ago
Pegasus Airlines	company founded long ago
Yamaha Motor Company	company founded long ago
Banana Republic	company founded long ago
Trendyol.com	company founded long ago
Sears	company founded long ago
Caracol Internacional	company founded long ago
Haribo	company founded long ago
Justin.tv	company founded long ago
Brigham Young University	company founded long ago
Vivo (technology company)	company founded long ago
thyssenkrupp AG	company founded long ago
The Boring Company	company founded long ago
The Wall Street Journal	company founded long ago
Roscosmos State Corporation	company founded long ago
RCA Records	company founded long ago
Arkane Studios	company founded long ago
Myntra	company founded long ago
Universal Studios Japan	company founded long ago
Korean Air	company founded long ago
Tokyo Metropolitan Television	company founded long ago
VMware	company founded long ago
Evergrande Group	company founded long ago
Virgin Atlantic	company founded long ago
Grupo Modelo	company founded long ago
Canon Inc.	company founded long ago
Leonardo	company founded long ago
Western Union	company founded long ago
Nijisanji	company founded long ago
Heckler & Koch	company founded long ago
Vistara	company founded long ago
Chunghwa Telecom MOD	company founded long ago
Crocs, Inc.	company founded long ago
Scandinavian Airlines	company founded long ago
Chipotle Mexican Grill	company founded long ago
Wix.com	company founded long ago
Wit Studio	company founded long ago
Amul The Taste Of India	company founded long ago
Supercell	company founded long ago
Kaufland	company founded long ago
ITC Limited	company founded long ago
Xbox Game Studios	company founded long ago
State Street Corporation	company founded long ago
Burberry	company founded long ago
De Beers	company founded long ago
AvtoVAZ	company founded long ago
Happy Madison Productions	company founded long ago
Nippon Television	company founded long ago
Zalando SE	company founded long ago
Honeywell International, Inc.	company founded long ago
Associated Press	company founded long ago
Orange	company founded long ago
Cognizant	company founded long ago
S1 No. 1 Style	company founded long ago
MediaMarkt	company founded long ago
Insomniac Games	company founded long ago
International Union for Conservation of Nature	company founded long ago
International Civil Aviation Organization	company founded long ago
European Super League	company founded long ago
Acer	company founded long ago
Sephora	company founded long ago
Allianz SE	company founded long ago
Saab Group	company founded long ago
Six Flags	company founded long ago
Sony Pictures Animation	company founded long ago
Skunk Works	company founded long ago
Obsidian Entertainment	company founded long ago
ArcelorMittal	company founded long ago
Five Women	company founded long ago
Ducati Motor Holding	company founded long ago
In-N-Out Burger	company founded long ago
Chuck E. Cheese	company founded long ago
Standard Chartered	company founded long ago
Fuji Television	company founded long ago
Ericsson	company founded long ago
Lynk & Co	company founded long ago
Upwork	company founded long ago
Electrolux	company founded long ago
Fendi	company founded long ago
Antonov	company founded long ago
Cash App	company founded long ago
Bandai Namco Entertainment	company founded long ago
Sharp Corporation	company founded long ago
Accor	company founded long ago
Sky News Arabia	company founded long ago
Remedy Entertainment	company founded long ago
Zomato	company founded long ago
Dodge	company founded long ago
Virgin Group	company founded long ago
Jollibee	company founded long ago
Marks & Spencer	company founded long ago
Alaska Airlines	company founded long ago
McGill University	company founded long ago
Novo Nordisk	company founded long ago
Motorola Mobility	company founded long ago
Petronas	company founded long ago
Patek Philippe & Co.	company founded long ago
Realitatea TV	company founded long ago
World Championship Wrestling	company founded long ago
AC Sparta Prague	company founded long ago
Baskin-Robbins	company founded long ago
Aylo	company founded long ago
IG Farben	company founded long ago
CVC Capital Partners	company founded long ago
GameStop	company founded long ago
ONE Championship	company founded long ago
Fila, Inc.	company founded long ago
Rolls-Royce	company founded long ago
cartel amado carrillo	company founded long ago
Professional Fighters League	company founded long ago
Lindt & Sprüngli	company founded long ago
Mitsubishi Heavy Industries	company founded long ago
Allsvenskan	company founded long ago
MAN SE	company founded long ago
Stone Island	company founded long ago
Paradox Interactive	company founded long ago
TV Asahi	company founded long ago
Bloomberg L.P.	company founded long ago
Shen Yun	company founded long ago
Ethiopian Airlines	company founded long ago
Kontinental Hockey League	company founded long ago
Sanrio	company founded long ago
National Wrestling Alliance	company founded long ago
Ring of Honor	company founded long ago
Radio Television of Kosovo	company founded long ago
JPMorgan Chase Bank, N.A.	company founded long ago
Vanderbilt University	company founded long ago
OYO Rooms	company founded long ago
DAF	company founded long ago
Sony Pictures	company founded long ago
Emaar Properties	company founded long ago
Dailymotion	company founded long ago
Daedalic Entertainment	company founded long ago
Hyatt Hotels Corporation	company founded long ago
Zoho Corporation	company founded long ago
Gaijin Entertainment	company founded long ago
C&A	company founded long ago
Centers for Disease Control and Prevention	company founded long ago
Apple Music	company founded long ago
Hilton Hotels & Resorts	company founded long ago
Banco Santander	company founded long ago
Schlumberger	company founded long ago
Herbalife	company founded long ago
Bethesda Game Studios	company founded long ago
Verizon Communications	company founded long ago
Lincoln Motor Company	company founded long ago
Novartis	company founded long ago
Kamaz	company founded long ago
Kohlberg Kravis Roberts	company founded long ago
Air Arabia	company founded long ago
KHAT	company founded long ago
Alitalia	company founded long ago
Asiana Airlines	company founded long ago
Pininfarina	company founded long ago
British American Tobacco	company founded long ago
Scoot	company founded long ago
Logitech	company founded long ago
Spirit Airlines	company founded long ago
BioWare	company founded long ago
Texas Instruments	company founded long ago
Boston University	company founded long ago
Bridgestone	company founded long ago
Pratt & Whitney	company founded long ago
Mayo Clinic	company founded long ago
Stardust Promotion	company founded long ago
Toho	company founded long ago
Brabus	company founded long ago
Klarna	company founded long ago
DJI	company founded long ago
Royal Enfield India	company founded long ago
Carlsberg Group	company founded long ago
Togg	company founded long ago
Glock Ges.m.b.H.	company founded long ago
Nederlandse Omroep Stichting	company founded long ago
Avianca	company founded long ago
Physics Wallah	company founded long ago
LG Group	company founded long ago
Swiss International Air Lines	company founded long ago
University of London	company founded long ago
Continental AG	company founded long ago
The New Yorker	company founded long ago
The Hershey Company	company founded long ago
Bang Bros	company founded long ago
Seiko	company founded long ago
Sun Microsystems	company founded long ago
American Hockey League	company founded long ago
Wise	company founded long ago
GSK	company founded long ago
Abarth	company founded long ago
Apollo Global Management	company founded long ago
VinFast	company founded long ago
Public Broadcasting Company of Ukraine	company founded long ago
H. J. Heinz Company	company founded long ago
Amblin Entertainment	company founded long ago
Pennsylvania State University	company founded long ago
Bell Labs	company founded long ago
Bharti Airtel	company founded long ago
Vivendi	company founded long ago
Air China	company founded long ago
Fujitsu	company founded long ago
Kroger	company founded long ago
Société Générale	company founded long ago
Starship Entertainment	company founded long ago
CD Projekt	company founded long ago
New Development Bank	company founded long ago
Blue Origin	company founded long ago
Roblox Corporation	company founded long ago
Bombardier	company founded long ago
Gainax	company founded long ago
Sanofi	company founded long ago
Embracer Group	company founded long ago
Millarworld	company founded long ago
Epcot	company founded long ago
WATT	company founded long ago
The Weinstein Company	company founded long ago
HCL Technologies	company founded long ago
SonyLIV	company founded long ago
Pernod Ricard	company founded long ago
Hacienda Nápoles Park Theme	company founded long ago
Kawasaki Heavy Industries	company founded long ago
NPR	company founded long ago
NeXT	company founded long ago
Yes Bank	company founded long ago
Romanian Television	company founded long ago
Ray-Ban	company founded long ago
Asahi Breweries	company founded long ago
Mars, Incorporated	company founded long ago
LOT Polish Airlines	company founded long ago
United Artists Corporation	company founded long ago
Suntory	company founded long ago
Pirelli	company founded long ago
FN Herstal	company founded long ago
Nando's	company founded long ago
Micro-Star International	company founded long ago
Hyundai Motor Group	company founded long ago
The Black Label	company founded long ago
NordVPN	company founded long ago
Naspers	company founded long ago
Qatar Investment Authority	company founded long ago
Hoka One One	company founded long ago
Bolshoi Theatre	company founded long ago
Advance Publications	company founded long ago
Smith & Wesson	company founded long ago
VTB Bank	company founded long ago
Nexon	company founded long ago
Cube Entertainment	company founded long ago
AXA	company founded long ago
UVB-76	company founded long ago
Fidelity Investments	company founded long ago
Ukrinform	company founded long ago
DC Shoes	company founded long ago
dm-drogerie markt	company founded long ago
Lockheed Corporation	company founded long ago
Bungie	company founded long ago
Showtime	company founded long ago
Top 14	company founded long ago
United Rugby Championship	company founded long ago
Production I.G	company founded long ago
Autodesk	company founded long ago
Kraft Heinz	company founded long ago
Air Koryo	company founded long ago
Pledis Entertainment	company founded long ago
Bones	company founded long ago
United Fruit Company	company founded long ago
BBC One	company founded long ago
King's College London	company founded long ago
Lukoil	company founded long ago
AstraZeneca	company founded long ago
Rijksmuseum	company founded long ago
Laika	company founded long ago
Paytm	company founded long ago
FC Cincinnati	company founded long ago
Xerox	company founded long ago
Uralvagonzavod	company founded long ago
Stadia	company founded long ago
Sikorsky Aircraft Corporation	company founded long ago
Tata Steel	company founded long ago
Raytheon Company	company founded long ago
LDH	company founded long ago
DuPont	company founded long ago
Bilbao Vizcaya Argentaria Bank	company founded long ago
Waseda University	company founded long ago
Yad Vashem	company founded long ago
East Japan Railway Company	company founded long ago
Holden	company founded long ago
Bulgari	company founded long ago
Frito-Lay	company founded long ago
Credit Agricole Group	company founded long ago
Stripe	company founded long ago
