Mount Everest	tall mountain
Mount Takahe	tall mountain
K2	tall mountain
Mount Kilimanjaro	tall mountain
Mount Fuji	tall mountain
Mount Vesuvius	tall mountain
Mount Rushmore	tall mountain
Mont Blanc	tall mountain
Mount Etna	tall mountain
Temple Mount	tall mountain
Mount Kailasa worshipped by Shaivits, Hindus, Buddists and Bon	tall mountain
Mount Ararat	tall mountain
Mount Elbrus	tall mountain
Mount Olympus	tall mountain
Phlegraean Fields	tall mountain
Matterhorn	tall mountain
Mount Sinai	tall mountain
Mount St. Helens	tall mountain
Denali	tall mountain
Aconcagua	tall mountain
Mount Athos	tall mountain
Popocatépetl	tall mountain
Uluru	tall mountain
Yellowstone volcano	tall mountain
Kanchenjunga	tall mountain
Olympus Mons	tall mountain
Teide	tall mountain
Mauna Kea	tall mountain
Nanga Parbat	tall mountain
Mount Rainier	tall mountain
Toba catastrophe theory	tall mountain
Mauna Loa	tall mountain
Zugspitze	tall mountain
Tambora	tall mountain
Devils Tower	tall mountain
Mount of Olives	tall mountain
Ben Nevis	tall mountain
Chimborazo	tall mountain
Mayon Volcano	tall mountain
Nevado del Ruiz	tall mountain
El Capitan	tall mountain
Annapurna I	tall mountain
Mount Whitney	tall mountain
Pinatubo	tall mountain
Kīlauea	tall mountain
Loreley	tall mountain
Mount Hermon	tall mountain
Mount Roraima	tall mountain
Baekdu Mountain	tall mountain
Mount Washington	tall mountain
Mount Kosciuszko	tall mountain
Eiger	tall mountain
Lhotse	tall mountain
Grossglockner	tall mountain
Cotopaxi volcano	tall mountain
Table Mountain	tall mountain
Mount Nemrut	tall mountain
Puy de Dôme	tall mountain
Damavand	tall mountain
Mount Shasta	tall mountain
Mount Nebo	tall mountain
Puncak Jaya	tall mountain
Broad Peak	tall mountain
Mount Bromo	tall mountain
Mount Arafat	tall mountain
Mount Abu	tall mountain
Pico de Orizaba	tall mountain
Mount Unzen	tall mountain
Taumatawhakatangihangakōauauotamateapōkaiwhenuakitānatahu	tall mountain
Genting Highlands	tall mountain
Merapi	tall mountain
Mount Erebus	tall mountain
Pikes Peak	tall mountain
Monte Cassino	tall mountain
Parícutin	tall mountain
Sněžka	tall mountain
Montserrat	tall mountain
Ball's Pyramid	tall mountain
Mont Ventoux	tall mountain
Jabal al-Nour	tall mountain
El Peñón de Guatapé	tall mountain
Mount Tabor	tall mountain
Mount Kinabalu	tall mountain
Sugarloaf Mountain	tall mountain
Vinson Massif	tall mountain
Semeru	tall mountain
Mount Kenya	tall mountain
Jbel Toubkal	tall mountain
Aiguille du Midi	tall mountain
Ojos del Salado	tall mountain
Adam's Peak	tall mountain
Jungfrau	tall mountain
Stone Mountain	tall mountain
Montjuïc	tall mountain
Mount Pelée	tall mountain
Manaslu	tall mountain
Mount Parnassus	tall mountain
Dhaulagiri	tall mountain
Yushan Main Peak	tall mountain
Gerlachovský štít	tall mountain
Mount Hood	tall mountain
Snowdon	tall mountain
Mount Kazbek	tall mountain
Brocken	tall mountain
Hoverla	tall mountain
Rysy	tall mountain
Arthur's Seat	tall mountain
Hunga Tonga–Hunga Haʻapai	tall mountain
Gangkhar Puensum	tall mountain
Sakurajima	tall mountain
Vinicunca	tall mountain
Mount Gerizim	tall mountain
Mount Logan	tall mountain
Volcán de Fuego	tall mountain
Cho Oyu	tall mountain
Mount Kōya	tall mountain
Girnar	tall mountain
Makalu	tall mountain
Klyuchevskaya Sopka	tall mountain
Fagradalsfjall	tall mountain
Mount Fitz Roy	tall mountain
Scafell Pike	tall mountain
Triglav	tall mountain
Aoraki / Mount Cook	tall mountain
Mount Mitchell	tall mountain
Inaccessible Island	tall mountain
Mount Tai	tall mountain
Iztaccihuatl	tall mountain
Shishapangma	tall mountain
Corcovado	tall mountain
Mount Aso	tall mountain
Rinjani	tall mountain
Ijen	tall mountain
Khan Tengri	tall mountain
Victoria Peak	tall mountain
Mount Apo	tall mountain
Dufourspitze	tall mountain
Fansipan	tall mountain
Mount Alash	tall mountain
Mount Herzl	tall mountain
Galdhøpiggen	tall mountain
Diamond Head	tall mountain
Nanda Devi	tall mountain
Half Dome	tall mountain
Mulhacén	tall mountain
Mount Agung	tall mountain
Mount Elbert	tall mountain
Laki	tall mountain
Tibidabo	tall mountain
Kebnekaise	tall mountain
Vulcano	tall mountain
Mount Nyiragongo	tall mountain
Hekla	tall mountain
Santorini caldera	tall mountain
Mount Batur	tall mountain
Cerro Torre	tall mountain
Watzmann	tall mountain
Ismoil Somoni Peak	tall mountain
Hyères	tall mountain
Shiveluch	tall mountain
Musala	tall mountain
Kalsubai	tall mountain
Katla volcano	tall mountain
Piton de la Fournaise	tall mountain
Hallasan	tall mountain
Carrauntoohil	tall mountain
Arenal Volcano	tall mountain
Aneto	tall mountain
Ama Dablam	tall mountain
Huascarán	tall mountain
Mount Ontake	tall mountain
Llullaillaco	tall mountain
Mount Yamantau	tall mountain
Babia Góra	tall mountain
Mount Pilatus	tall mountain
Belukha Mountain	tall mountain
Jengish Chokusu	tall mountain
Mount Asama	tall mountain
Lenin Peak	tall mountain
Monserrate	tall mountain
Mount San Antonio	tall mountain
Tangkuban Perahu	tall mountain
Villarrica Volcano	tall mountain
Mount Baker	tall mountain
Amsterdam Islands	tall mountain
Mount Aragats	tall mountain
Mount Taranaki	tall mountain
Gasherbrum	tall mountain
Doi Inthanon	tall mountain
Mount Tanigawa	tall mountain
Volcán Cerro Machín	tall mountain
Muchu Chhish	tall mountain
Shkhara	tall mountain
Machhapuchhre	tall mountain
Kirkjufell	tall mountain
Mount Ida	tall mountain
Haleakalā	tall mountain
Uludağ	tall mountain
Taupō Volcano	tall mountain
Barren Island	tall mountain
Clingmans Dome	tall mountain
Nevado de Toluca	tall mountain
Anamudi	tall mountain
Tianmen Mountain	tall mountain
Mount Osore	tall mountain
Arashiyama	tall mountain
Mount Royal	tall mountain
Mount Pico	tall mountain
Mount Erciyes	tall mountain
Moldoveanu Peak	tall mountain
Mount Hiei	tall mountain
Katahdin	tall mountain
Mount Cameroon	tall mountain
Ortler	tall mountain
Mount Lycabettus	tall mountain
Gasherbrum II	tall mountain
Mount Emei	tall mountain
Gran Paradiso	tall mountain
Mount Haku	tall mountain
Mount Tsurugi	tall mountain
Mount Kerinci	tall mountain
Mount Takao	tall mountain
Peña de Bernal	tall mountain
Pelion	tall mountain
Giewont	tall mountain
Viso	tall mountain
Alto de L'Angliru	tall mountain
Pico da Neblina	tall mountain
Solfatara	tall mountain
Mount Tate	tall mountain
Drachenfels	tall mountain
Mount Tenpō	tall mountain
Mount Catherine	tall mountain
Black Virgin Mountain	tall mountain
Pico Duarte	tall mountain
Burkhan Khaldun	tall mountain
Jirisan	tall mountain
Nuptse	tall mountain
Dena	tall mountain
Mount Ruapehu	tall mountain
Sabalan	tall mountain
Torna Fort	tall mountain
Mount Haruna	tall mountain
Shōwa-shinzan	tall mountain
Mount Robson	tall mountain
Mount Akagi	tall mountain
Parasnath / Marang Buru	tall mountain
Mount Yōtei	tall mountain
Angels Landing	tall mountain
Mount Olympus	tall mountain
Králický Sněžník	tall mountain
Kaiserstuhl	tall mountain
Cumbre Vieja	tall mountain
Huayna Picchu	tall mountain
Meru Peak	tall mountain
Korab	tall mountain
Hkakabo Razi	tall mountain
Kanlaon Volcano	tall mountain
Mount Pulag	tall mountain
Pico Cristóbal Colón	tall mountain
Jade Dragon Snow Mountain	tall mountain
Mount Mihara	tall mountain
Signal de Botrange	tall mountain
Kjeragbolten	tall mountain
Mount Suribachi	tall mountain
Gunung Merbabu	tall mountain
Mount Mazama	tall mountain
Gargamel	tall mountain
Monte Baldo	tall mountain
Grandes Jorasses	tall mountain
Lassen Peak	tall mountain
Soufrière Hills	tall mountain
Monte Grappa	tall mountain
Croagh Patrick	tall mountain
Säntis	tall mountain
Monte Kali	tall mountain
Kasprowy Wierch	tall mountain
Grand Teton	tall mountain
Mount Ibuki	tall mountain
Feldberg	tall mountain
Jabal Thawr	tall mountain
Pico Bolívar	tall mountain
Piz Bernina	tall mountain
Soufrière	tall mountain
Lawu Mountain	tall mountain
Monte Nuovo	tall mountain
Masherbrum	tall mountain
Doddabetta	tall mountain
Acatenango	tall mountain
Thor Peak	tall mountain
Jebel Akhdar	tall mountain
Rigi	tall mountain
Kinnaur Kailash	tall mountain
Mount Meru	tall mountain
Île Saint-Paul	tall mountain
Corno Grande	tall mountain
Pic du Midi de Bigorre	tall mountain
Mount Narodnaya	tall mountain
Pen y Fan	tall mountain
Mount Kumgang	tall mountain
Mount Tsukuba	tall mountain
Burning Mountain	tall mountain
Mount Wutai	tall mountain
Mount Adams	tall mountain
Hoher Dachstein	tall mountain
Gunung Slamet	tall mountain
Shiprock	tall mountain
Helvellyn	tall mountain
Mount Bazardüzü	tall mountain
Mammoth Mountain	tall mountain
Britton Hill	tall mountain
Vitosha	tall mountain
Novarupta	tall mountain
Puy de Sancy	tall mountain
Mount Amiata	tall mountain
Kholat Syakhl	tall mountain
Ai-Petri	tall mountain
Erta Ale	tall mountain
Piton des Neiges	tall mountain
Grand Ballon	tall mountain
Lomnický štít	tall mountain
Snæfellsjökull	tall mountain
Daisen	tall mountain
Colima	tall mountain
El Misti	tall mountain
Kata Tjuta	tall mountain
Ještěd	tall mountain
Le Morne Brabant	tall mountain
Currahee Mountain	tall mountain
Koryaksky	tall mountain
Namcha Barwa	tall mountain
Malinche	tall mountain
Mount Kita	tall mountain
Lovćen	tall mountain
Kriváň	tall mountain
Titlis	tall mountain
Pacaya	tall mountain
Illimani	tall mountain
Mount Diablo	tall mountain
Pico Ruivo	tall mountain
Jabal Sawda	tall mountain
Mount Gede	tall mountain
Mount Bandai	tall mountain
Kékes	tall mountain
Kala Patthar	tall mountain
Socorro Island	tall mountain
Großer Arber	tall mountain
Quilotoa	tall mountain
Mount Helicon	tall mountain
Bukhansan	tall mountain
Huaynaputina	tall mountain
Mount Augustus	tall mountain
Ol Doinyo Lengai	tall mountain
Monte Santo di Lussari	tall mountain
Cheyenne Mountain	tall mountain
Mount Tamalpais	tall mountain
Canigou	tall mountain
Lookout Mountain	tall mountain
Jebel Shams	tall mountain
Mount Sinabung	tall mountain
El Chichón	tall mountain
Galeras	tall mountain
Volcán de Agua	tall mountain
Mount Rokkō	tall mountain
Ślęża	tall mountain
Eldfell	tall mountain
Hotaka Mountains	tall mountain
Mount Scopus	tall mountain
Mount Gongga	tall mountain
Mount Hasan	tall mountain
Praděd	tall mountain
Guadalupe Peak	tall mountain
Puig Major	tall mountain
Mount Gilboa	tall mountain
Santa María	tall mountain
Mount Iwaki	tall mountain
Sahand	tall mountain
Jebel Jais	tall mountain
Pico do Arieiro	tall mountain
Seoraksan	tall mountain
Noshaq	tall mountain
Kahlenberg	tall mountain
Fluchthorn	tall mountain
Mount Takamagahara	tall mountain
Torre Egger	tall mountain
Calton Hill	tall mountain
Mahendragiri	tall mountain
Meron	tall mountain
Humphreys Peak	tall mountain
Masaya Volcano	tall mountain
Mount Lu	tall mountain
Terich Mir	tall mountain
Mount Monadnock	tall mountain
Wendelstein	tall mountain
Großvenediger	tall mountain
Mont Sainte-Odile	tall mountain
Říp Mountain	tall mountain
Volcán Barú	tall mountain
Łysa Góra	tall mountain
Wildspitze	tall mountain
Rakaposhi	tall mountain
Ponmudi	tall mountain
Mount Fanjing	tall mountain
Hvannadalshnúkur	tall mountain
Jebel Hafeet	tall mountain
Gunung Galunggung	tall mountain
Emi Koussi	tall mountain
Three Sisters	tall mountain
Grand Colombier	tall mountain
Monte Cinto	tall mountain
Mount Ebal	tall mountain
Belogradchik Rocks	tall mountain
Mount Greylock	tall mountain
Jebel Barkal	tall mountain
Monte Titano	tall mountain
Lion Rock	tall mountain
Penang Hill	tall mountain
Mount Arayat	tall mountain
Zendan-e Soleyman	tall mountain
Mount Ishizuchi	tall mountain
Finsteraarhorn	tall mountain
Góra Świętej Anny	tall mountain
Mount Saint Elias	tall mountain
Mount Ngauruhoe	tall mountain
Osorno	tall mountain
Bass Rock	tall mountain
Volcán Tajumulco	tall mountain
Mount Banahaw	tall mountain
Wasserkuppe	tall mountain
Maglić	tall mountain
Cerro del Cubilete	tall mountain
Kelut	tall mountain
Mount of Temptation	tall mountain
Cadair Idris	tall mountain
Artesonraju	tall mountain
Mount Nantai	tall mountain
Jabal al-Lawz	tall mountain
Mount Wilhelm	tall mountain
Mount Somma	tall mountain
Fichtelberg	tall mountain
Mount Valérien	tall mountain
Cerro San Cristóbal	tall mountain
Mount Chōkai	tall mountain
Mount Othrys	tall mountain
Pichincha Volcano	tall mountain
Nevado Sajama	tall mountain
Gunung Telomoyo	tall mountain
Beerenberg	tall mountain
Tungurahua volcano	tall mountain
Adi Kailash	tall mountain
Guru Shikhar	tall mountain
Mount Makiling	tall mountain
Ushba	tall mountain
Gunnbjørn Fjeld	tall mountain
Horsley Hills	tall mountain
Namsan	tall mountain
Om Parvat	tall mountain
Auyantepui	tall mountain
Mount Song	tall mountain
Dom	tall mountain
Mawson Peak	tall mountain
Mount Bulusan	tall mountain
Naranjo de Bulnes / Picu Urriellu	tall mountain
Mount Yari	tall mountain
Mount Marcy	tall mountain
Alpamayo	tall mountain
Penyal d'Ifac Natural Park	tall mountain
Mount Salak	tall mountain
Pendle Hill	tall mountain
Mönch	tall mountain
Kodachadri	tall mountain
Veleta	tall mountain
Rano Raraku	tall mountain
Irazú Volcano	tall mountain
Piz Buin	tall mountain
Tara	tall mountain
Mount Tahat	tall mountain
Mount Scenery	tall mountain
Beshtau	tall mountain
Hijaz mountains	tall mountain
Jabal al-Druze	tall mountain
Weisshorn	tall mountain
Sulaiman-Too	tall mountain
Mount Mansfield	tall mountain
Großer Feldberg	tall mountain
Arjuno-Welirang	tall mountain
Robledo	tall mountain
Tai Mo Shan	tall mountain
Daisetsuzan Volcanic Group	tall mountain
Vogelsberg	tall mountain
Mount Sipylus	tall mountain
Seongsan Ilchulbong	tall mountain
Alam-Kuh	tall mountain
Kjerag	tall mountain
Piz Palü	tall mountain
Mount Osutaka	tall mountain
Baba Budangiri	tall mountain
Kongur Tagh	tall mountain
Tepeyac Hill	tall mountain
San Gorgonio Mountain	tall mountain
Victorio Peak	tall mountain
Roman-Kosh	tall mountain
Guishan Island	tall mountain
Jebel Moussa	tall mountain
Planche des Belles Filles	tall mountain
Coatepeque Caldera	tall mountain
Pico do Fogo	tall mountain
Mount Sidley	tall mountain
Mullayanagiri	tall mountain
Pidurutalagala	tall mountain
Pitons	tall mountain
Mount Cereme	tall mountain
Maroon Bells	tall mountain
Kara Dag Mountain	tall mountain
Roque Nublo	tall mountain
Mount Zaō	tall mountain
Gannett Peak	tall mountain
Schilthorn	tall mountain
Longs Peak	tall mountain
Mytikas	tall mountain
Saslonch	tall mountain
Aiguille du Dru	tall mountain
Cayambe	tall mountain
Mount Hakone	tall mountain
Klein Matterhorn	tall mountain
Dykh-Tau	tall mountain
Pedra da Gávea	tall mountain
Mount Olympus	tall mountain
Chandrashila	tall mountain
Pic Saint-Loup	tall mountain
Hartmannswillerkopf	tall mountain
Mount Lemmon	tall mountain
Avachinsky	tall mountain
Qurnat as Sawda'	tall mountain
Pico de las Nieves	tall mountain
Lascar	tall mountain
Queen Mary's Peak	tall mountain
Torre (Serra da Estrela)	tall mountain
Black Elk Peak	tall mountain
San Jacinto Peak	tall mountain
Mont Gerbier de Jonc	tall mountain
Nemrut	tall mountain
Tochal	tall mountain
Slieve League	tall mountain
Gasherbrum IV	tall mountain
Jabal an Nabi Shu'ayb	tall mountain
Agastya Mala	tall mountain
Mount Süphan	tall mountain
Camelback Mountain	tall mountain
Eyjafjallajökull	tall mountain
Three Mountains of Dewa	tall mountain
Mont Aigoual	tall mountain
Mount Elgon	tall mountain
Schafberg	tall mountain
Mount Aiguille	tall mountain
Mount Hibok-Hibok	tall mountain
kunanyi / Mount Wellington	tall mountain
Mount Stromboli	tall mountain
Mount Iwate	tall mountain
Turbacz	tall mountain
Creux du Van	tall mountain
Cadillac Mountain	tall mountain
Musa Dagh	tall mountain
Monte Cimone	tall mountain
Lion's Head	tall mountain
Mount Yasur	tall mountain
Mount Ledang	tall mountain
Ras Dashen	tall mountain
Mount Myōgi	tall mountain
Gibeah	tall mountain
Ben Lomond	tall mountain
Ayu-Dag	tall mountain
Little Ararat	tall mountain
Tahtalı Dağı	tall mountain
Abu Kubais	tall mountain
Chorna Hora (Pip Ivan)	tall mountain
Lanín	tall mountain
Xueshan	tall mountain
Avala	tall mountain
Haystack Rock	tall mountain
Brasstown Bald	tall mountain
Kitzsteinhorn	tall mountain
Mount Tsurugi	tall mountain
Mount Tomorr	tall mountain
Mount Ōmuro	tall mountain
Mont Blanc de Courmayeur	tall mountain
Whiteface Mountain	tall mountain
Hill 262	tall mountain
Deomali	tall mountain
Grímsvötn	tall mountain
Mashuk	tall mountain
Ben Bulben	tall mountain
Pietra di Bismantova	tall mountain
Kok Tobe	tall mountain
Hüiten Peak	tall mountain
Świnica	tall mountain
Monte Bondone	tall mountain
Har HaMenuchot	tall mountain
Barre des Écrins	tall mountain
Gornergrat	tall mountain
Wheeler Peak	tall mountain
Mount Le Conte	tall mountain
Mount Ōmine	tall mountain
Huayna Potosí	tall mountain
Mount Kongō	tall mountain
Cerro Chirripó	tall mountain
Mount Jiuhua	tall mountain
Hochkönig	tall mountain
Mount Atago	tall mountain
Ajusco	tall mountain
Nevado del Huila	tall mountain
Mount Norikura	tall mountain
Petersberg	tall mountain
Szczeliniec Wielki	tall mountain
Nevado del Tolima	tall mountain
Jade Spring Hill	tall mountain
Hehuanshan	tall mountain
Popa Hill	tall mountain
Hanish Islands	tall mountain
Floreana Island	tall mountain
Cerro El Pital	tall mountain
Licancabur	tall mountain
Gunung Papandayan	tall mountain
Mount Ossa	tall mountain
Valles Caldera	tall mountain
Mont Agel	tall mountain
Mount Kaimon	tall mountain
Volcán Tacaná	tall mountain
Mount Yoshino	tall mountain
Santa Ana Volcano	tall mountain
Xítle	tall mountain
Pic du Midi d'Ossau	tall mountain
Omu Peak	tall mountain
Mount Fuppushi	tall mountain
Muztagh Ata	tall mountain
Mount Ōyama	tall mountain
Monte Toc	tall mountain
Gunung Sumbing	tall mountain
Mount Kibo	tall mountain
Mount Sindoro	tall mountain
Gjeravica	tall mountain
Larrun	tall mountain
Cradle Mountain	tall mountain
Mount Kusatsu-Shirane	tall mountain
Col di Lana	tall mountain
Monte Terminillo	tall mountain
Monte Pissis	tall mountain
Cantal mountains	tall mountain
Mount Kumotori	tall mountain
Moncayo	tall mountain
Barania Góra	tall mountain
Korvatunturi	tall mountain
Kamet	tall mountain
Keli Mutubuurai	tall mountain
Cerro de los Ángeles	tall mountain
The Storr	tall mountain
Mount Taftan	tall mountain
Petřín	tall mountain
Erzberg mine	tall mountain
Tupungato Volcano	tall mountain
Vlašić	tall mountain
Siula Grande	tall mountain
Hymettus	tall mountain
Mount Price	tall mountain
Slieve Donard	tall mountain
Pedraforca	tall mountain
Pico Turquino	tall mountain
Grandfather Mountain	tall mountain
Calbuco	tall mountain
Pico da Bandeira	tall mountain
Ubinas	tall mountain
Q17191410	tall mountain
Mount Shishaldin	tall mountain
Grouse Mountain	tall mountain
Mount Sunflower	tall mountain
Breithorn	tall mountain
Mount Qasioun	tall mountain
Monte Zoncolan	tall mountain
Brahmagiri (hill), Maharashtra	tall mountain
King's Peak	tall mountain
Mount Redoubt	tall mountain
Gubałówka	tall mountain
Mount Nokogiri	tall mountain
Mount Susitna	tall mountain
Cerro Tuzgle	tall mountain
Thabana Ntlenyana	tall mountain
Agrafa	tall mountain
Mount Arbel	tall mountain
Izalco	tall mountain
Kahler Asten	tall mountain
Schauinsland	tall mountain
Mount Nittany	tall mountain
Hualālai	tall mountain
Mount Gassan	tall mountain
Ballon d'Alsace	tall mountain
Salcantay	tall mountain
Mount Penanggungan	tall mountain
Mount Tongariro	tall mountain
Pothigai Hill	tall mountain
The Wrekin	tall mountain
Gauri Sankar	tall mountain
Lake Yojoa	tall mountain
Manimahesh Kailash Peak	tall mountain
Crib Goch	tall mountain
Mount Jerai	tall mountain
Ben Macdui	tall mountain
Mount Shahdagh	tall mountain
Saana	tall mountain
Roseberry Topping	tall mountain
Monte Conero	tall mountain
Penteliko Mountain	tall mountain
Dovrefjell	tall mountain
Uritorco	tall mountain
Maja Jezercë	tall mountain
Glacier Peak	tall mountain
Mount Siguniang	tall mountain
Poás Volcano	tall mountain
Cheekha Dar	tall mountain
Ulawun	tall mountain
Sutter Buttes	tall mountain
Cerro Catedral	tall mountain
Mount Hōei	tall mountain
Mount Adatara	tall mountain
Mount Tarawera	tall mountain
Kosvinsky Kamen	tall mountain
Horns of Hattin	tall mountain
Tarnica	tall mountain
Mount Waddington	tall mountain
Pumori	tall mountain
Flatirons	tall mountain
Mount Hor	tall mountain
Puyehue-Cordón Caulle	tall mountain
Mount Kurama	tall mountain
Imja Tse	tall mountain
Schiehallion	tall mountain
Mount Bukō	tall mountain
Athamanika	tall mountain
Hochwanner	tall mountain
Aso Rock	tall mountain
Rangitoto Island	tall mountain
Mount Miwa	tall mountain
Puʻu ʻŌʻō	tall mountain
Chopok	tall mountain
Vignemale	tall mountain
Mount Kawi	tall mountain
Sugarloaf Mountain	tall mountain
Atlasov Island	tall mountain
Klínovec	tall mountain
Tazing Dong	tall mountain
Lysá hora	tall mountain
Meije	tall mountain
Knocknarea	tall mountain
Pico Simón Bolívar	tall mountain
Punta La Marmora	tall mountain
Granite Peak	tall mountain
Meesapulimala	tall mountain
Campbell Hill	tall mountain
Rincón de la Vieja Volcano	tall mountain
Monte Vettore	tall mountain
Mount Pellegrino	tall mountain
Quiraing	tall mountain
Mount Heng	tall mountain
Mount Tennōzan	tall mountain
Königsstuhl	tall mountain
Pico Almanzor	tall mountain
Mount Tomuraushi	tall mountain
Iremel	tall mountain
Mount Magazine	tall mountain
Üetliberg	tall mountain
Tronador	tall mountain
Krafla	tall mountain
Bezymianny	tall mountain
Cilo Dağı	tall mountain
Charleston Peak	tall mountain
Cerro Catedral	tall mountain
Sangay volcano	tall mountain
Mount Timpanogos	tall mountain
Aukštojas Hill	tall mountain
Tofua	tall mountain
Mount Tendürek	tall mountain
Koli	tall mountain
Cerro Bravo	tall mountain
Mount Hiko	tall mountain
Hokkaidō Koma-ga-take	tall mountain
Chogolisa	tall mountain
Mount Precipice	tall mountain
Trebević	tall mountain
Gunung Raung	tall mountain
Pica d'Estats	tall mountain
Tharsis Montes	tall mountain
Doi Suthep	tall mountain
Jannu	tall mountain
Karaca Dağ	tall mountain
Mont Chaberton	tall mountain
Bobotov Kuk	tall mountain
Kedarkantha	tall mountain
Hegau	tall mountain
Mount Terror	tall mountain
Tavan Bogd	tall mountain
Monte Civetta	tall mountain
Hahnenkamm	tall mountain
Mount Garibaldi	tall mountain
Mount Fairweather	tall mountain
Mount Circeo	tall mountain
El Totumo	tall mountain
Mottarone	tall mountain
Phu Thap Boek	tall mountain
Roden Crater	tall mountain
Donnersberg	tall mountain
Mount Adamello	tall mountain
Mount Komaki	tall mountain
Smolikas	tall mountain
Borah Peak	tall mountain
Bárðarbunga	tall mountain
Cheaha Mountain	tall mountain
Schesaplana	tall mountain
Hachimantai	tall mountain
Brandberg	tall mountain
Pilot Mountain	tall mountain
Rock of Solutré	tall mountain
Hohentwiel	tall mountain
Cinque Torri	tall mountain
Checkerboard Hill	tall mountain
Errigal	tall mountain
Milešovka	tall mountain
Grand Mesa	tall mountain
Roque de los Muchachos	tall mountain
Duivelsberg	tall mountain
Montagne Sainte-Geneviève	tall mountain
Kyrgyz Alatau	tall mountain
Mount Davis	tall mountain
Anjaneri	tall mountain
Mount Karisimbi	tall mountain
Peñalara	tall mountain
San Miguel	tall mountain
Mount Oeta	tall mountain
Mont Ross	tall mountain
Mt. Noguchigorōdake	tall mountain
Vulcano	tall mountain
Mount Mitake	tall mountain
Mount Myōkō	tall mountain
Capelinhos	tall mountain
Llaima	tall mountain
Mount Ikoma	tall mountain
Chaité	tall mountain
Yucca Mountain	tall mountain
Monte Pelmo	tall mountain
Mount Katmai	tall mountain
Gramos	tall mountain
Dajti	tall mountain
Mount Shirouma	tall mountain
Torre Cerredo	tall mountain
Mera Peak	tall mountain
Gaustatoppen	tall mountain
Montpelier Hill	tall mountain
Mount Tokachi	tall mountain
Königspitze	tall mountain
Harrat Rahat	tall mountain
Mount Takachiho	tall mountain
Mont Orohena	tall mountain
Mount Fumaiolo	tall mountain
Cofre de Perote	tall mountain
Plomb du Cantal	tall mountain
Mount Graham	tall mountain
Triple Divide Peak	tall mountain
Mount Minobu	tall mountain
Phnom Kulen	tall mountain
Lobuche	tall mountain
Mount Hakodate	tall mountain
Antelao	tall mountain
Ausangate	tall mountain
Hornisgrinde	tall mountain
Kinkasan	tall mountain
Mount Kisokoma	tall mountain
Grand Combin	tall mountain
Mount Waialeale	tall mountain
Zard Kuh	tall mountain
Piz Boè	tall mountain
Devils Thumb	tall mountain
El Panecillo	tall mountain
Mount Misen	tall mountain
Volcano Cerro Negro	tall mountain
Mount Wilson	tall mountain
Chapman's Peak	tall mountain
Augustine Volcano	tall mountain
Nevado de Colima	tall mountain
Pen-y-ghent	tall mountain
Kampenwand	tall mountain
Mangart	tall mountain
Mount Wilis	tall mountain
Eagle Mountain	tall mountain
Baraque de Fraiture	tall mountain
Mount Kennedy	tall mountain
Glauberg	tall mountain
Monte Soratte	tall mountain
Biskupia Górka	tall mountain
Mount Celeste	tall mountain
Monte Vulture	tall mountain
Q3572154	tall mountain
Langenberg	tall mountain
Black Mountain	tall mountain
Hohneck	tall mountain
Pangaion Hills	tall mountain
Mount Longhu	tall mountain
Piz Badile	tall mountain
Mount Karakuni	tall mountain
Schlern	tall mountain
Blaník	tall mountain
Sunset Crater	tall mountain
Baintha Brakk	tall mountain
mtatsminda	tall mountain
North Col	tall mountain
Dent Blanche	tall mountain
Hazzi	tall mountain
Catbells	tall mountain
Blood Mountain	tall mountain
Nebelhorn	tall mountain
Mallos de Riglos	tall mountain
Mount Tarumae	tall mountain
Jebel ech Chambi	tall mountain
Traunstein	tall mountain
Mount Tahan	tall mountain
Kuju Mountains	tall mountain
Devil's Peak	tall mountain
Marapi	tall mountain
Suilven	tall mountain
Skrzyczne	tall mountain
Aonach Eagach	tall mountain
Puy Mary	tall mountain
Kohala	tall mountain
Hohe Acht	tall mountain
Dabajian Mountain	tall mountain
Golija	tall mountain
Lyskamm	tall mountain
Ōeyama	tall mountain
Mount Conner	tall mountain
Maijishan Grottoes	tall mountain
Sleeping Giant	tall mountain
Khazret Sultan	tall mountain
Skiddaw	tall mountain
Coma Pedrosa	tall mountain
Sela	tall mountain
La Soufrière	tall mountain
Maungakiekie / One Tree Hill	tall mountain
Mount Sanqing	tall mountain
Mount Jefferson	tall mountain
Rudnik	tall mountain
Mont Donon	tall mountain
Mount Heng	tall mountain
Mount Isarog	tall mountain
Hochvogel	tall mountain
Bălănești Hill	tall mountain
Königstuhl	tall mountain
Mount Amagi	tall mountain
Salher	tall mountain
Monkh Saridag	tall mountain
Trisul	tall mountain
Mount Epomeo	tall mountain
Mount Ashitaka	tall mountain
Española Island	tall mountain
Blue Mountain Peak	tall mountain
Mount Vinson	tall mountain
Mount Hamilton	tall mountain
Lyngen Alps	tall mountain
Similaun	tall mountain
Castle Rock	tall mountain
Mount Wakakusa	tall mountain
Gibralfaro	tall mountain
Cerro de Punta	tall mountain
Cairn Gorm	tall mountain
Mount Bachelor	tall mountain
Lagazuoi Piccolo	tall mountain
Kaçkar Dağı	tall mountain
Wurmberg	tall mountain
Murovdagh	tall mountain
Santa Isabel	tall mountain
Skopska Crna Gora	tall mountain
Mount Rishiri	tall mountain
Ravna Gora	tall mountain
Pico Cão Grande	tall mountain
Whistler Mountain	tall mountain
Mount Sarisariñama	tall mountain
Shatrunjaya	tall mountain
Mount Michael	tall mountain
Grimming	tall mountain
Bungsberg	tall mountain
Mount Arvon	tall mountain
Mount Pantokrator	tall mountain
Mount Asgard	tall mountain
Salève	tall mountain
Sulphur Mountain	tall mountain
Taum Sauk Mountain	tall mountain
Brennender Berg	tall mountain
Nevado Mismi	tall mountain
Mount Ōdaigahara	tall mountain
Mount Saint Helena	tall mountain
Grünten	tall mountain
Dhupgarh	tall mountain
Mount Warning	tall mountain
Koppenberg	tall mountain
