David Beckham	person born long ago
Christopher Nolan	person born long ago
Jane Birkin	person born long ago
Emilia Clarke	person born long ago
Sam Smith	person born long ago
Gary Oldman	person born long ago
Robert Pattinson	person born long ago
Daniel Day-Lewis	person born long ago
Hayley Atwell	person born long ago
Suki Waterhouse	person born long ago
Will Poulter	person born long ago
Queen Elizabeth, The Queen Mother	person born long ago
David Attenborough	person born long ago
Helen McCrory	person born long ago
Phoebe Waller-Bridge	person born long ago
Charles II of England	person born long ago
Anne of Great Britain	person born long ago
Rod Stewart	person born long ago
Brooklyn Beckham	person born long ago
Juno Temple	person born long ago
Nicholas Galitzine	person born long ago
Matty Healy	person born long ago
Virginia Woolf	person born long ago
Kit Harington	person born long ago
Angela Lansbury	person born long ago
Tilda Swinton	person born long ago
James Norton	person born long ago
Thandiwe Newton	person born long ago
Martin McDonagh	person born long ago
James II of England	person born long ago
Ada Lovelace	person born long ago
Eddie Redmayne	person born long ago
Romeo Beckham	person born long ago
KSI	person born long ago
Joan Collins	person born long ago
Hero Fiennes Tiffin	person born long ago
Francis Bacon	person born long ago
Harry Melling	person born long ago
Lord Byron	person born long ago
Mark Strong	person born long ago
John Major	person born long ago
Bear Grylls	person born long ago
Regé-Jean Page	person born long ago
Damon Albarn	person born long ago
Daisy Ridley	person born long ago
MF DOOM	person born long ago
Kate Barry	person born long ago
Carlo Acutis	person born long ago
Daisy Edgar-Jones	person born long ago
Daniel Kaluuya	person born long ago
Andrew Lincoln	person born long ago
Toby Jones	person born long ago
Amanda Abbington	person born long ago
Sarah, Duchess of York	person born long ago
Jane Goodall	person born long ago
Jared Harris	person born long ago
Thomas More	person born long ago
Tim Berners-Lee	person born long ago
Emma Thomas	person born long ago
Bonnie Wright	person born long ago
Tom Burke	person born long ago
Alice Eve	person born long ago
Imelda Staunton	person born long ago
Ronnie Wood	person born long ago
Jill Ireland	person born long ago
Fred Again	person born long ago
Timothy Spall	person born long ago
William Blake	person born long ago
Keith Moon	person born long ago
David Niven	person born long ago
Kunal Nayyar	person born long ago
Charles Babbage	person born long ago
Charlie Watts	person born long ago
Victoria, Princess Royal	person born long ago
Martin Gore	person born long ago
Annabel Croft	person born long ago
Lashana Lynch	person born long ago
Dusty Springfield	person born long ago
Samantha Fox	person born long ago
Nick Knight	person born long ago
Gavin Rossdale	person born long ago
Naomie Harris	person born long ago
Daisy Head	person born long ago
Bill Wyman	person born long ago
Lisa Vanderpump	person born long ago
Natalia Tena	person born long ago
Elvis Costello	person born long ago
Emerald Fennell	person born long ago
Jonathan Nolan	person born long ago
Joseph Joyce	person born long ago
Pete Townshend	person born long ago
David Walliams	person born long ago
Toby Stephens	person born long ago
Joseph Morgan	person born long ago
John Boyega	person born long ago
Lauren James	person born long ago
Catherine Bell	person born long ago
Margaret Tudor	person born long ago
Tobias Menzies	person born long ago
Georgia Tennant	person born long ago
Jade Goody	person born long ago
Georgina Chapman	person born long ago
Joe Cole Lopez	person born long ago
Jean Simmons	person born long ago
Freema Agyeman	person born long ago
Alexander Albon	person born long ago
Rory Kinnear	person born long ago
Lachlan Murdoch	person born long ago
Peter Green	person born long ago
Richard Wright	person born long ago
Anna Popplewell	person born long ago
Roddy McDowall	person born long ago
John Spencer, 8th Earl Spencer	person born long ago
Matthew Vaughn	person born long ago
Terry Venables	person born long ago
Scott Speedman	person born long ago
Harriet Walter	person born long ago
Geoffrey Chaucer	person born long ago
Paul Anderson	person born long ago
Natasia Demetriou	person born long ago
Sophie Okonedo	person born long ago
Bel Powley	person born long ago
Jack Huston	person born long ago
Nigella Lawson	person born long ago
Adewale Akinnuoye-Agbaje	person born long ago
Charles Spencer, 9th Earl Spencer	person born long ago
Marina Sirtis	person born long ago
Benjamin Disraeli	person born long ago
Daniel Defoe	person born long ago
Emilia Jones	person born long ago
The Edge	person born long ago
Ben Miller	person born long ago
Stacey Solomon	person born long ago
Kim Wilde	person born long ago
Jeremy Bentham	person born long ago
Claudia Winkleman	person born long ago
Alfred Enoch	person born long ago
Ruth Kearney	person born long ago
Callum Turner	person born long ago
A. A. Milne	person born long ago
Jack Osbourne	person born long ago
Eleanor Tomlinson	person born long ago
Jessica Tandy	person born long ago
Shashi Tharoor	person born long ago
Leona Lewis	person born long ago
James Fox	person born long ago
Asma al-Assad	person born long ago
William Morris	person born long ago
Ol Parker	person born long ago
Jacob Collier	person born long ago
T'Nia Miller	person born long ago
Nick Frost	person born long ago
Marty Feldman	person born long ago
Finn Cole	person born long ago
Jim Sturgess	person born long ago
Bishop Briggs	person born long ago
Peter Lawford	person born long ago
Steve McQueen	person born long ago
Joe Cole	person born long ago
James Blake	person born long ago
Stephen Campbell Moore	person born long ago
Douglas Booth	person born long ago
Dave	person born long ago
Daphne du Maurier	person born long ago
Anne Perry	person born long ago
Olivia d'Abo	person born long ago
Aimee Osbourne	person born long ago
Poppy Delevingne	person born long ago
Rachael Stirling	person born long ago
Alex Scott	person born long ago
Juliet Mills	person born long ago
Alex Garland	person born long ago
Mary McCartney	person born long ago
John Ruskin	person born long ago
Lita Ford	person born long ago
Raj Kundra	person born long ago
Matilda Ramsay	person born long ago
Joe Wright	person born long ago
Honor Blackman	person born long ago
John Donne	person born long ago
Charles Shaughnessy	person born long ago
Zak Starkey	person born long ago
Joe Fournier	person born long ago
Will Ospreay	person born long ago
Katy Saunders	person born long ago
Howard Carter	person born long ago
Liz Cambage	person born long ago
Fola Evans-Akingbola	person born long ago
Sean Pertwee	person born long ago
Zara McDermott	person born long ago
Max Mosley	person born long ago
Randolph Churchill	person born long ago
Oliver Stark	person born long ago
Ida Lupino	person born long ago
Steve Harris	person born long ago
Adeel Akhtar	person born long ago
Justin Welby	person born long ago
Rachel Stevens	person born long ago
Eileen Atkins	person born long ago
Martin Kemp	person born long ago
Leslie Howard	person born long ago
Rupert Penry-Jones	person born long ago
Penelope Knatchbull, Countess Mountbatten of Burma	person born long ago
Anthony Horowitz	person born long ago
Sophie Thompson	person born long ago
David Ricardo	person born long ago
Hugh Grosvenor, 7th Duke of Westminster	person born long ago
Elyes Gabel	person born long ago
Priti Patel	person born long ago
Samantha Bond	person born long ago
Eve Best	person born long ago
James McCartney	person born long ago
Leo Suter	person born long ago
Guy Chambers	person born long ago
Julia Sawalha	person born long ago
Dennis Wise	person born long ago
Noah Taylor	person born long ago
Dan Houser	person born long ago
Jacob Anderson	person born long ago
Bernard Cornwell	person born long ago
Fionn Whitehead	person born long ago
E. M. Forster	person born long ago
David Haye	person born long ago
Frank Dillane	person born long ago
Harry Lloyd	person born long ago
Jake Weber	person born long ago
Lucy Hawking	person born long ago
Paloma Faith	person born long ago
Gluck	person born long ago
Toheeb Jimoh	person born long ago
Dominic Holland	person born long ago
China Chow	person born long ago
Daniel Sharman	person born long ago
Tilly Keeper	person born long ago
Michael Sheen	person born long ago
Patrick Blackett	person born long ago
Chris Larkin	person born long ago
Adam Sami	person born long ago
Jony Ive	person born long ago
Ben Cross	person born long ago
Margaret Rutherford	person born long ago
Greer Garson	person born long ago
John Farnham	person born long ago
Sophie Dahl	person born long ago
Daisy Lowe	person born long ago
Justin Pierce	person born long ago
Sara Pascoe	person born long ago
Victoria Tennant	person born long ago
Kirby Howell-Baptiste	person born long ago
Jeremy Hunt	person born long ago
Lina M. Khan	person born long ago
David Heyman	person born long ago
David Mayer de Rothschild	person born long ago
Patrick Macnee	person born long ago
Oli London	person born long ago
William Penn	person born long ago
Harold Pinter	person born long ago
Jess Glynne	person born long ago
Sophie Monk	person born long ago
Sarah Greene	person born long ago
Sean Teale	person born long ago
Noel Clarke	person born long ago
Anna Ermakova	person born long ago
Damian Hurley	person born long ago
Freya Ridings	person born long ago
Dina Wadia	person born long ago
Zadie Smith	person born long ago
Georgia May Jagger	person born long ago
Glen Matlock	person born long ago
Shazad Latif	person born long ago
Jack Cutmore-Scott	person born long ago
John Dee	person born long ago
Juliet Rylance	person born long ago
Freddie Stroma	person born long ago
Andrew Y. Ng	person born long ago
Tina Barrett	person born long ago
Eamonn Walker	person born long ago
Gregg Sulkin	person born long ago
Sandrine Holt	person born long ago
Dante Gabriel Rossetti	person born long ago
Jacob Scipio	person born long ago
Steve Hackett	person born long ago
Anna Shaffer	person born long ago
Nicholas Elliott	person born long ago
Omid Scobie	person born long ago
Marie-Chantal, Crown Princess of Greece	person born long ago
Ben Fogle	person born long ago
Jeanette	person born long ago
John Bingham, 7th Earl of Lucan	person born long ago
Alan Cox	person born long ago
Mary Read	person born long ago
Henry, Duke of Cornwall	person born long ago
Anoushka Shankar	person born long ago
Finty Williams	person born long ago
Joe Armstrong	person born long ago
Anton Walkes	person born long ago
Jools Holland	person born long ago
Emperor Norton	person born long ago
Toby Regbo	person born long ago
Jodhi May	person born long ago
Bertie Carvel	person born long ago
Alex Winter	person born long ago
Gary Kemp	person born long ago
Hugh Skinner	person born long ago
Omid Djalili	person born long ago
Anna Madeley	person born long ago
Alexander, Crown Prince of Yugoslavia	person born long ago
Jinny	person born long ago
Tulisa Contostavlos	person born long ago
Rashid Buttar	person born long ago
Samantha Ronson	person born long ago
Peter Safran	person born long ago
Sam Houser	person born long ago
E. L. James	person born long ago
Lottie Moss	person born long ago
Cynthia Addai-Robinson	person born long ago
Caroline Goodall	person born long ago
Sandie Shaw	person born long ago
Albert Hammond	person born long ago
Gayatri Devi	person born long ago
Frank Bruno	person born long ago
Mary Ann Bevan	person born long ago
Caroline Matilda of Great Britain	person born long ago
Mark Sheppard	person born long ago
Jamie Bynoe-Gittens	person born long ago
Denis Thatcher	person born long ago
Lee Murray	person born long ago
Neil Maskell	person born long ago
Anthony Newley	person born long ago
Danny John-Jules	person born long ago
Atticus Ross	person born long ago
Luke Goss	person born long ago
Jordan Spence	person born long ago
Sian Clifford	person born long ago
Paul Merton	person born long ago
Arlo Parks	person born long ago
Phoebe Fox	person born long ago
Michael Fagan	person born long ago
Leonard Whiting	person born long ago
Isa Briones	person born long ago
Karamoko Dembélé	person born long ago
Ben Elton	person born long ago
Jonathan Glazer	person born long ago
Les Ferdinand	person born long ago
John Henry Newman	person born long ago
Max Mallowan	person born long ago
Labi Siffre	person born long ago
Marianne Jean-Baptiste	person born long ago
Dave Murray	person born long ago
Pat Hitchcock	person born long ago
Diana Quick	person born long ago
Robert Browning	person born long ago
Murray Head	person born long ago
Chuku Modu	person born long ago
Nina Sosanya	person born long ago
Benjamin Graham	person born long ago
Tony Hadley	person born long ago
William Shockley	person born long ago
Maryam d'Abo	person born long ago
Trinny Woodall	person born long ago
Samuel Pepys	person born long ago
Bruce Shand	person born long ago
William Lamb, 2nd Viscount Melbourne	person born long ago
Jack Draper	person born long ago
Nell Tiger Free	person born long ago
Christina Cole	person born long ago
Heston Blumenthal	person born long ago
Quincy Jones III	person born long ago
Carrie Johnson	person born long ago
Peter Morgan	person born long ago
Pixie Lott	person born long ago
Nigel Havers	person born long ago
Isaac Hempstead-Wright	person born long ago
Jhumpa Lahiri	person born long ago
Matthew Beard	person born long ago
Hughie Green	person born long ago
Michael Moorcock	person born long ago
Isobel Waller-Bridge	person born long ago
Unity Mitford	person born long ago
Annabelle Dexter-Jones	person born long ago
O.G. Anunoby	person born long ago
Arnold J. Toynbee	person born long ago
Jay Blades	person born long ago
Sharon Duncan-Brewster	person born long ago
Diana Mosley	person born long ago
Sebastian Coe	person born long ago
Carol Thatcher	person born long ago
Sebastian Cabot	person born long ago
Tom Rosenthal	person born long ago
George Cohen	person born long ago
Daniel Chatto	person born long ago
Allen Carr	person born long ago
Layla Anna-Lee	person born long ago
Clare Torry	person born long ago
Samantha Beckinsale	person born long ago
Ella Mai	person born long ago
Dale Winton	person born long ago
Paterson Joseph	person born long ago
Ben Jonson	person born long ago
Emily Davison	person born long ago
Diana Wynne Jones	person born long ago
Bettany Hughes	person born long ago
Lola Kirke	person born long ago
Siobhán Donaghy	person born long ago
Jack Farthing	person born long ago
Adrian Paul	person born long ago
Samantha Power	person born long ago
Humphrey Ker	person born long ago
Sarah Felberbaum	person born long ago
Nathaniel Parker	person born long ago
Jemma Redgrave	person born long ago
Stephen Wolfram	person born long ago
Charlotte Tilbury	person born long ago
Victor Rothschild, 3rd Baron Rothschild	person born long ago
Robin Atkin Downes	person born long ago
Sameer Soni	person born long ago
Michael Attenborough	person born long ago
Abigail Thaw	person born long ago
Sandy Denny	person born long ago
Joe Penny	person born long ago
Finola Hughes	person born long ago
Mary Nighy	person born long ago
Walter Rothschild, 2nd Baron Rothschild	person born long ago
Steve Howe	person born long ago
Derren Brown	person born long ago
Edward Fitzalan-Howard, 18th Duke of Norfolk	person born long ago
Carlo Gabriel Nero	person born long ago
Demis Hassabis	person born long ago
Hugh Fraser	person born long ago
Zuleikha Robinson	person born long ago
Ben Lloyd-Hughes	person born long ago
Georgia Toffolo	person born long ago
Stuart Pearce	person born long ago
Ed Miliband	person born long ago
Djed Spence	person born long ago
Polly Samson	person born long ago
King Krule	person born long ago
Justin Fashanu	person born long ago
Keisha Buchanan	person born long ago
Nathaniel Philip Rothschild	person born long ago
Daisy Haggard	person born long ago
Paul Simonon	person born long ago
Sarah Alexander	person born long ago
Mary Ann Nichols	person born long ago
Terence Beesley	person born long ago
Stuart Burton	person born long ago
Emma Grede	person born long ago
John Nolan	person born long ago
George Blagden	person born long ago
Barry George	person born long ago
Vanessa Angel	person born long ago
Sophie Ward	person born long ago
Douglas Bader	person born long ago
Henry the Young King	person born long ago
Alfred Marshall	person born long ago
Simon Sebag Montefiore	person born long ago
Dan Snow	person born long ago
John Newton	person born long ago
Roman Griffin Davis	person born long ago
Steve Gibb	person born long ago
Tracey Emin	person born long ago
India Hicks	person born long ago
Reg Traviss	person born long ago
Donald Maclean	person born long ago
Alistair Darling	person born long ago
Edd China	person born long ago
Rick Edwards	person born long ago
Amira Casar	person born long ago
Fern Britton	person born long ago
Tony Lewis (born as Anthony James Lewis)	person born long ago
Suzanne Farrington	person born long ago
Michael Byrne	person born long ago
Julien Temple	person born long ago
Simon Phillips	person born long ago
Simon Kinberg	person born long ago
Amanda Donohoe	person born long ago
Damian Harris	person born long ago
Harold Bride	person born long ago
Patricia Allison	person born long ago
Jessie Cave	person born long ago
John Michael McDonagh	person born long ago
Kingsley Amis	person born long ago
Giulia	person born long ago
Leomie Anderson	person born long ago
Maro Itoje	person born long ago
Simon Baron-Cohen	person born long ago
William Hogarth	person born long ago
Beattie Edmondson	person born long ago
Chips Hardy	person born long ago
Geoffrey Palmer	person born long ago
O. T. Fagbenle	person born long ago
Chunkz	person born long ago
Rufus Tiger Taylor	person born long ago
James Callis	person born long ago
Honor Swinton Byrne	person born long ago
Aslı Enver	person born long ago
Minnie Weisz	person born long ago
Mandy Smith	person born long ago
Christopher O'Neill	person born long ago
Tony Jay	person born long ago
Tom Hooper	person born long ago
Abigail Cruttenden	person born long ago
Barry Sheene	person born long ago
Finn Jones	person born long ago
William Cavendish, 5th Duke of Devonshire	person born long ago
Leopold Stokowski	person born long ago
James Dreyfus	person born long ago
Matt Monro	person born long ago
Fara Williams	person born long ago
Mickey Sumner	person born long ago
Norman Wisdom	person born long ago
Elijah Adebayo	person born long ago
Anthony Giddens, Baron Giddens	person born long ago
Diana Churchill	person born long ago
Daphne Guinness	person born long ago
Claire Coutinho	person born long ago
Cecilia Bowes-Lyon, Countess of Strathmore and Kinghorne	person born long ago
Kitty Spencer	person born long ago
Gary Carr	person born long ago
Sarah Murdoch	person born long ago
Loyle Carner	person born long ago
Susannah Harker	person born long ago
David Hamilton	person born long ago
Christina Rossetti	person born long ago
Harriet Harman	person born long ago
Marmaduke Hussey, Baron Hussey of North Bradley	person born long ago
Jamie xx	person born long ago
Miles Jupp	person born long ago
Charles Delevingne	person born long ago
Beau Brummell	person born long ago
Simon Cadell	person born long ago
Constance Lloyd	person born long ago
Adam Pearson	person born long ago
Nikesh Patel	person born long ago
Jade Jones	person born long ago
Karla Crome	person born long ago
Liam Charles	person born long ago
Dolly Wells	person born long ago
Lizzy Pattinson	person born long ago
Sarah Churchill	person born long ago
Domino Harvey	person born long ago
Victoria Cabello	person born long ago
Simon Reeve	person born long ago
Hanif Kureishi	person born long ago
Arjun Mathur	person born long ago
Shirley Eaton	person born long ago
Eve Pollard	person born long ago
Ben Howard	person born long ago
Hannah Arterton	person born long ago
Selina Cadell	person born long ago
Amanda Pays	person born long ago
Amber Rose Revah	person born long ago
Nick Pickard	person born long ago
Edmund Spenser	person born long ago
Adam James	person born long ago
John Dudley, 1st Duke of Northumberland	person born long ago
Sam Spruell	person born long ago
Joanna Pettet	person born long ago
Aml Ameen	person born long ago
Thomas Dolby	person born long ago
Frieda Hughes	person born long ago
Rebecca Front	person born long ago
Boston Corbett	person born long ago
Will Best	person born long ago
Jimmy Akingbola	person born long ago
Ramona Marquez	person born long ago
William Pitt, 1st Earl of Chatham	person born long ago
Sister Bliss	person born long ago
Zerkaa	person born long ago
John Bowlby	person born long ago
Jack Fox	person born long ago
Michael Morpurgo	person born long ago
Emily Lloyd	person born long ago
Richard Thompson	person born long ago
Simon Schama	person born long ago
Annie Chapman	person born long ago
John Powell	person born long ago
Puteri Sarah Liyana	person born long ago
Harry Peacock	person born long ago
Danny Cipriani	person born long ago
Andrew Cockburn	person born long ago
Jonathan King	person born long ago
Stephen Tredre	person born long ago
John Schlesinger	person born long ago
Jez Butterworth	person born long ago
Edmund Gwenn	person born long ago
Ewen Montagu	person born long ago
Tom Mison	person born long ago
Clarissa Ward	person born long ago
Joseph Chamberlain	person born long ago
Liberty Ross	person born long ago
Emma Forrest	person born long ago
Julia Donaldson	person born long ago
Wilkie Collins	person born long ago
Prince William, Duke of Cumberland	person born long ago
Lalla Ward	person born long ago
Colin Chapman	person born long ago
Jo Frost	person born long ago
Michael Fielding	person born long ago
Harold Alexander, 1st Earl Alexander of Tunis	person born long ago
Hannah Chaplin	person born long ago
Crispian Mills	person born long ago
Beatie Edney	person born long ago
Colin Lawrence	person born long ago
Jimmy Napes	person born long ago
Peter Asher	person born long ago
William Byrd	person born long ago
Joel Corry	person born long ago
Jane Goldman	person born long ago
Ukweli Roach	person born long ago
John Fashanu	person born long ago
Adam Faith	person born long ago
Chris Langham	person born long ago
Nick Moran	person born long ago
Katya Adler	person born long ago
John Spencer-Churchill, 10th Duke of Marlborough	person born long ago
Daniela Denby-Ashe	person born long ago
Dan Smith	person born long ago
Will Knightley	person born long ago
Behzinga	person born long ago
Benjamin Clementine	person born long ago
Joseph Boxhall	person born long ago
Justin Chancellor	person born long ago
Anthony Trollope	person born long ago
Julian Huxley	person born long ago
Chris Blackwell	person born long ago
Nicolas Coster	person born long ago
Jade Ewen	person born long ago
Patricia Gucci	person born long ago
Joe Cornish	person born long ago
Suzannah Lipscomb	person born long ago
Sharon White	person born long ago
Cat Burns	person born long ago
Sacha Gervasi	person born long ago
Blake Ritson	person born long ago
Hugh Cornwell	person born long ago
Paul Eddington	person born long ago
Edward Holcroft	person born long ago
Tom Goodman-Hill	person born long ago
Plan B	person born long ago
Jane Attenborough	person born long ago
India Willoughby	person born long ago
Bill Owen	person born long ago
Julian Marley	person born long ago
Lucy, Lady Duff-Gordon	person born long ago
Alvin Stardust	person born long ago
Sampha	person born long ago
David Rose	person born long ago
Chris Chalk	person born long ago
Jason Wong	person born long ago
Michael Morris	person born long ago
Garth Jennings	person born long ago
Roger Williams	person born long ago
Emma Freud	person born long ago
Ben Gordon	person born long ago
George Groves	person born long ago
Nicholas Stoller	person born long ago
Guy Pratt	person born long ago
Courtney Lawes	person born long ago
Layla El	person born long ago
Lawrence Dallaglio	person born long ago
David Miliband	person born long ago
Josh Wright	person born long ago
Jay Lycurgo	person born long ago
Angel Coulby	person born long ago
Sanam Saeed	person born long ago
Frederick Schmidt	person born long ago
Gaby Roslin	person born long ago
Martin Peters	person born long ago
Andrea Spendolini-Sirieix	person born long ago
Leah Harvey	person born long ago
Camille O'Sullivan	person born long ago
Ben Goldsmith	person born long ago
Patricia Hayes	person born long ago
Victoria Atkins	person born long ago
Clare Holman	person born long ago
David Chipperfield	person born long ago
Kubra Khan	person born long ago
Kenneth Connor	person born long ago
Shaun Wallace	person born long ago
Horace Walpole	person born long ago
Venetia Stanley-Smith	person born long ago
Tony Kaye	person born long ago
Vanessa Bell	person born long ago
Henry Lascelles, 6th Earl of Harewood	person born long ago
Paul Oakenfold	person born long ago
Henry Cooper	person born long ago
David O'Leary	person born long ago
Roland Joffé	person born long ago
Samuel Coleridge-Taylor	person born long ago
Issy Wong	person born long ago
Lance Reventlow	person born long ago
Daniel Tammet	person born long ago
Abigail Masham, Baroness Masham	person born long ago
Thomas Bayes	person born long ago
Nell Gwyn	person born long ago
Ron Moody	person born long ago
Michael Des Barres	person born long ago
Frank Thornton	person born long ago
Kola Bokinni	person born long ago
Callum Blue	person born long ago
Evelyn Robert de Rothschild	person born long ago
Matt Goss	person born long ago
Dujon Sterling	person born long ago
Eliza Poe	person born long ago
Mark Burnett	person born long ago
Alex Hyde-White	person born long ago
Ed Stoppard	person born long ago
James Hadley Chase	person born long ago
Tim McMullan	person born long ago
Lucas Gregorowicz	person born long ago
Bernard Lewis	person born long ago
Barry Hearn	person born long ago
Christine Adams	person born long ago
Richard Haydn	person born long ago
Perri Lister	person born long ago
Max Aarons	person born long ago
Lliana Bird	person born long ago
Antoine Semenyo	person born long ago
Melanie Liburd	person born long ago
Princess Augusta of Great Britain	person born long ago
Anjala Zaveri	person born long ago
Henry Sturgis Morgan	person born long ago
Maisie Richardson-Sellers	person born long ago
Sydney Chaplin	person born long ago
Ash Sarkar	person born long ago
Stanley Caine	person born long ago
Adwoa Aboah	person born long ago
Max Benitz	person born long ago
Ahmed Omar Saeed Sheikh	person born long ago
Scarlet Page	person born long ago
Deborah Moore	person born long ago
Alf Ramsey	person born long ago
Richie Faulkner	person born long ago
Paul Daley	person born long ago
Long Dong Silver	person born long ago
Benjamin Hall	person born long ago
David Lammy	person born long ago
Jason Cundy	person born long ago
Melvyn Hayes	person born long ago
Hardeep Singh Kohli	person born long ago
Belinda Lang	person born long ago
Dana Rosemary Scallon	person born long ago
Charles Lamb	person born long ago
John Osborne	person born long ago
Karl Pearson	person born long ago
Osher Günsberg	person born long ago
Gary Rhodes	person born long ago
Robin Sachs	person born long ago
Karen Robinson	person born long ago
Lloyd Owen	person born long ago
Ray Fearon	person born long ago
Gary Daniels	person born long ago
Edward Bulwer-Lytton	person born long ago
Heather Small	person born long ago
Clive Dunn	person born long ago
George Young	person born long ago
Wulan Guritno	person born long ago
John Neville	person born long ago
Martin Charteris, Baron Charteris of Amisfield	person born long ago
Ginny Holder	person born long ago
Stanley Holloway	person born long ago
Nathan Rothschild, 1st Baron Rothschild	person born long ago
Des'ree	person born long ago
Richard Riakporhe	person born long ago
Louisa Adams	person born long ago
Teresa Ann Savoy	person born long ago
Edwin Lutyens	person born long ago
Julian Lloyd Webber	person born long ago
Peter Bowles	person born long ago
John William Polidori	person born long ago
Nikita Presnyakov	person born long ago
Edward Hardwicke	person born long ago
Amber Rudd	person born long ago
Kathryn Beaumont	person born long ago
Matt Preston	person born long ago
Nigel McGuinness	person born long ago
Leslie Bricusse	person born long ago
Jim Sterling	person born long ago
Nigel Lindsay	person born long ago
Darcey Bussell	person born long ago
Jack Savoretti	person born long ago
Simon Curtis	person born long ago
Phil Manzanera	person born long ago
Ryan Gage	person born long ago
Carlo Rota	person born long ago
Suzanna Hamilton	person born long ago
Sapna Pabbi	person born long ago
Satya Bhabha	person born long ago
Liam Rosenior	person born long ago
Danny Webb	person born long ago
Lucrezia Millarini	person born long ago
Ariyon Bakare	person born long ago
Freddie Bartholomew	person born long ago
Adam Tooze	person born long ago
Pascal Jansen	person born long ago
Ian Shaw	person born long ago
Freddie Boath	person born long ago
Ben Horowitz	person born long ago
Rosalind Cubitt	person born long ago
Peter Egan	person born long ago
Yasemin Allen	person born long ago
George Canning	person born long ago
Merlin Holland	person born long ago
Viddal Riley	person born long ago
Edward Plunkett, 18th Baron of Dunsany	person born long ago
Ginevra Elkann	person born long ago
Roy Battersby	person born long ago
Archibald Primrose, 5th Earl of Rosebery	person born long ago
Nadia Parkes	person born long ago
Annabel Goldsmith	person born long ago
Lewis Burton	person born long ago
Hal Robson-Kanu	person born long ago
Albert Spencer, 7th Earl Spencer	person born long ago
Deborah James	person born long ago
Phoebe Nicholls	person born long ago
Pearl Mackie	person born long ago
Galyani Vadhana	person born long ago
Jay Ajayi	person born long ago
Lemar	person born long ago
Lilian, Princess of Réthy	person born long ago
Victoria Sellers	person born long ago
Miki Berenyi	person born long ago
William Jones	person born long ago
John Adams	person born long ago
Mick Tucker	person born long ago
Nigel Godrich	person born long ago
Gwyneth Strong	person born long ago
Angus Ogilvy	person born long ago
Emma Ferguson	person born long ago
John André	person born long ago
Anjem Choudary	person born long ago
Stella Tennant	person born long ago
Indica Watson	person born long ago
Oliver Heaviside	person born long ago
John Kearns	person born long ago
Vashti Bunyan	person born long ago
Valerie Leon	person born long ago
Ray Panthaki	person born long ago
Antony Gormley	person born long ago
Charlotte Ronson	person born long ago
Euan Blair	person born long ago
Daniel Peacock	person born long ago
Ethan Pinnock	person born long ago
Andrew Loog Oldham	person born long ago
Kim Appleby	person born long ago
Angellica Bell	person born long ago
Ernest Howard Shepard	person born long ago
David Niven, Jr.	person born long ago
Terry O'Neill	person born long ago
Xand van Tulleken	person born long ago
Paul Rosenberg	person born long ago
Nina Toussaint-White	person born long ago
Jack Aitken	person born long ago
Tina Charles	person born long ago
Michael Watson	person born long ago
Len Deighton	person born long ago
Gary Olsen	person born long ago
W. Morgan Sheppard	person born long ago
Jo Johnson	person born long ago
Diane Parish	person born long ago
Sid Owen	person born long ago
Elliot Cowan	person born long ago
Luke Youngblood	person born long ago
Katherine Woodville	person born long ago
Lionel Crabb	person born long ago
Princess Alexandra, 2nd Duchess of Fife	person born long ago
Edwina Grosvenor	person born long ago
Tom Stourton	person born long ago
Ruth Rendell	person born long ago
Susannah Constantine	person born long ago
John Betjeman	person born long ago
John Loder	person born long ago
Paul Chowdhry	person born long ago
Amanda Ellingworth	person born long ago
E. H. Carr	person born long ago
Mark Lindsay Chapman	person born long ago
Fenella Woolgar	person born long ago
Upen Patel	person born long ago
Guy Burnet	person born long ago
James Quincey	person born long ago
Danny Sapani	person born long ago
Jaden Philogene	person born long ago
John Standing	person born long ago
Tom Attenborough	person born long ago
Tom Harper	person born long ago
Graham Parker	person born long ago
Tina Daheley	person born long ago
Eddie Kidd	person born long ago
Flood	person born long ago
Sarah Hadland	person born long ago
Sam Adekugbe	person born long ago
George FitzClarence, 1st Earl of Munster	person born long ago
Ruth Sheen	person born long ago
Alex Young	person born long ago
Lorraine Pascale	person born long ago
Donovan Leitch	person born long ago
Conn Iggulden	person born long ago
Howard Charles	person born long ago
Herbert Marshall	person born long ago
Harry Hadden-Paton	person born long ago
Dominique Tipper	person born long ago
Will Self	person born long ago
Antony Flew	person born long ago
John Dowland	person born long ago
Geoffrey II	person born long ago
Mark Shand	person born long ago
Stephen Lewis	person born long ago
Max Pirkis	person born long ago
Alan Lancaster	person born long ago
Jax Jones	person born long ago
Chris Claremont	person born long ago
Tara Browne	person born long ago
Imran Chaudhri	person born long ago
David Rappaport	person born long ago
Katrin Cartlidge	person born long ago
Vincent Riotta	person born long ago
Rebecca Saire	person born long ago
Jourdan Dunn	person born long ago
Allegra Huston	person born long ago
Mike Graham	person born long ago
Esther Freud	person born long ago
Josh Dylan	person born long ago
Roy Marsden	person born long ago
Hannah New	person born long ago
Ronald Howard	person born long ago
Emma Georgina Rothschild	person born long ago
Simon Kassianides	person born long ago
Russell Kane	person born long ago
Elarica Gallacher	person born long ago
Tom Skinner	person born long ago
Natalia Grosvenor, Duchess of Westminster	person born long ago
Peter Grant	person born long ago
Algernon Blackwood	person born long ago
Simon Kunz	person born long ago
Gary Holton	person born long ago
Jacquie O'Sullivan	person born long ago
Tom Misch	person born long ago
William Cavendish, Marquess of Hartington	person born long ago
Sanjeev Kohli	person born long ago
Robert Jenkinson, 2nd Earl of Liverpool	person born long ago
Bruno Heller	person born long ago
Sophie Kinsella	person born long ago
Guy Henry	person born long ago
Kelly Marcel	person born long ago
Jay Khan	person born long ago
William Holman Hunt	person born long ago
Hannah Reid	person born long ago
Patrick Leigh Fermor	person born long ago
Lionel de Rothschild	person born long ago
Claire van Kampen	person born long ago
Stephanie Leonidas	person born long ago
Femi Kuti	person born long ago
Dionne 'London' Hughes	person born long ago
Prince Andrew Andreievich Romanovsky	person born long ago
Bilinda Butcher	person born long ago
Rachel Johnson	person born long ago
Marie Carandini	person born long ago
Geoff Bell	person born long ago
Daley Thompson	person born long ago
Malcolm Muggeridge	person born long ago
John Rutter	person born long ago
Stephen Norrington	person born long ago
Frederick North, 2nd Earl of Guilford	person born long ago
Antonia Fraser	person born long ago
Bruce Lansbury	person born long ago
William Howe, 5th Viscount Howe	person born long ago
Arthur Phillip	person born long ago
Jo Martin	person born long ago
David Gemmell	person born long ago
Sonique	person born long ago
Anthony Phillips	person born long ago
Tara Sharma	person born long ago
Kate Saunders	person born long ago
Camilla Arfwedson	person born long ago
Graham Kerr	person born long ago
Maggie Aderin-Pocock	person born long ago
Giles Martin	person born long ago
Alfonso de Portago	person born long ago
Harriet Dart	person born long ago
Edith Nesbit	person born long ago
Olivia Poulet	person born long ago
Gavin Harrison	person born long ago
Richard K. Morgan	person born long ago
Korn Chatikavanij	person born long ago
Luke Scott	person born long ago
Ecco2K	person born long ago
Osi Umenyiora	person born long ago
Lucian Msamati	person born long ago
Clara Paget	person born long ago
Sean Hughes	person born long ago
Dan Ticktum	person born long ago
Mike Pratt	person born long ago
Algernon Charles Swinburne	person born long ago
Derren Nesbitt	person born long ago
Bridget Riley	person born long ago
Anno Birkin	person born long ago
Gregory Cromwell, 1st Baron Cromwell	person born long ago
Joe Salisbury	person born long ago
Edis	person born long ago
