Lionel Messi	many social media followers
Cristiano Ronaldo	many social media followers
Kylian Mbappé	many social media followers
Elon Musk	many social media followers
Taylor Swift	many social media followers
Jenna Ortega	many social media followers
Pelé	many social media followers
Carles Puigdemont	many social media followers
Matthew Perry	many social media followers
Andrew Tate	many social media followers
XXXTentacion	many social media followers
David Beckham	many social media followers
Neymar	many social media followers
Vladimir Putin	many social media followers
Elvis Presley	many social media followers
Tina Turner	many social media followers
Lisa Marie Presley	many social media followers
Erling Haaland	many social media followers
Arnold Schwarzenegger	many social media followers
Novak Djokovic	many social media followers
Margot Rabbit	many social media followers
Tom Cruise	many social media followers
Sinéad O'Connor	many social media followers
Michael Jackson	many social media followers
Joe Biden	many social media followers
Donald Trump	many social media followers
Pedro Pascal	many social media followers
Sylvester Stallone	many social media followers
Leonardo DiCaprio	many social media followers
LeBron James	many social media followers
Zlatan Ibrahimović	many social media followers
Rihanna	many social media followers
Ryan Gosling	many social media followers
Dwayne Johnson	many social media followers
Marilyn Monroe	many social media followers
Shakira	many social media followers
Jennifer Lawrence	many social media followers
Ronaldo	many social media followers
Céline Dion	many social media followers
Miley Cyrus	many social media followers
Ryan Reynolds	many social media followers
Alia Bhatt	many social media followers
Eminem	many social media followers
Selena Gomez	many social media followers
Travis Kelce	many social media followers
Angelina Jolie	many social media followers
Ana de Armas	many social media followers
Karim Benzema	many social media followers
Virat Kohli	many social media followers
Jennifer Lopez	many social media followers
Barack Obama	many social media followers
Michelle Yeoh	many social media followers
Bella Ramsey	many social media followers
Riley Keough	many social media followers
Madonna	many social media followers
Mike Tyson	many social media followers
Jude Bellingham Quispe	many social media followers
Harry Kane	many social media followers
Timothée Chalamet	many social media followers
Tupac Shakur	many social media followers
Muhammad Ali	many social media followers
Volodymyr Zelenskyy	many social media followers
Jennifer Aniston	many social media followers
Kanye West	many social media followers
Mia Khalifa	many social media followers
Tom Hanks	many social media followers
Nicolas Cage	many social media followers
Pep Guardiola	many social media followers
Harry Styles	many social media followers
Henry Cavill	many social media followers
James Cameron	many social media followers
Kobe Bryant	many social media followers
William Shakespeare	many social media followers
Ronaldinho	many social media followers
Ben Affleck	many social media followers
Tyson Fury	many social media followers
Robert F. Kennedy Jr.	many social media followers
Bruce Lee	many social media followers
Vivek Ramaswamy	many social media followers
Lady Gaga	many social media followers
Zendaya	many social media followers
George Michael	many social media followers
Rishi Sunak	many social media followers
Kirstie Alley	many social media followers
Jamie Lee Curtis	many social media followers
Shah Rukh Khan	many social media followers
Beyoncé	many social media followers
Kim Kardashian	many social media followers
Lewis Hamilton	many social media followers
Lance Reddick	many social media followers
Stephen Hawking	many social media followers
Robert Downey Jr.	many social media followers
Emma Watson	many social media followers
Blake Lively	many social media followers
Jackie Chan	many social media followers
Benjamin Netanyahu	many social media followers
Adam Sandler	many social media followers
Emily Blunt	many social media followers
Ariana Grande	many social media followers
Anya Taylor-Joy	many social media followers
Dua Lipa	many social media followers
MrBeast	many social media followers
Florence Pugh	many social media followers
Paul Walker	many social media followers
Patrick Mahomes	many social media followers
Luka Modrić	many social media followers
Nelson Mandela	many social media followers
William, Prince of Wales	many social media followers
Salma Hayek	many social media followers
Chris Hemsworth	many social media followers
John Lennon	many social media followers
Conor McGregor	many social media followers
David Bowie	many social media followers
Tom Holland	many social media followers
Stephen Curry	many social media followers
Gal Gadot	many social media followers
Recep Tayyip Erdoğan	many social media followers
Max Verstappen	many social media followers
Lana Del Rey	many social media followers
Robert Lewandowski	many social media followers
Zoe Saldaña	many social media followers
Charlie Chaplin	many social media followers
Priyanka Chopra	many social media followers
Wolfgang Amadeus Mozart	many social media followers
Tom Brady	many social media followers
Britney Spears	many social media followers
Elton John	many social media followers
Jason Momoa	many social media followers
Natalie Portman	many social media followers
Nicole Kidman	many social media followers
Mark Zuckerberg	many social media followers
Kylie Jenner	many social media followers
Michael Schumacher	many social media followers
Justin Bieber	many social media followers
Vin Diesel	many social media followers
Shaquille O'Neal	many social media followers
Macaulay Culkin	many social media followers
Pamela Anderson	many social media followers
John Cena	many social media followers
Dolly Parton	many social media followers
Matthew McConaughey	many social media followers
Emmanuel Macron	many social media followers
Javier Milei	many social media followers
Ashton Kutcher	many social media followers
Rafael Nadal	many social media followers
Cher	many social media followers
Will Smith	many social media followers
Deion Sanders	many social media followers
Amy Winehouse	many social media followers
Jeremy Renner	many social media followers
Frida Kahlo	many social media followers
Silvio Berlusconi	many social media followers
Jim Carrey	many social media followers
Billie Eilish	many social media followers
Millie Bobby Brown	many social media followers
Anne Hathaway	many social media followers
Mark Wahlberg	many social media followers
Danny Masterson	many social media followers
Jon Jones	many social media followers
Chris Pratt	many social media followers
Michael J. Fox	many social media followers
The Weeknd	many social media followers
Narendra Modi	many social media followers
Liam Hemsworth	many social media followers
Ron DeSantis	many social media followers
Megan Fox	many social media followers
Hannah Waddingham	many social media followers
José Mourinho	many social media followers
Aubrey Plaza	many social media followers
Amber Heard	many social media followers
Paul McCartney	many social media followers
Olivier Giroud	many social media followers
Audrey Hepburn	many social media followers
Lewis Capaldi	many social media followers
Bill Gates	many social media followers
Jane Birkin	many social media followers
Emiliano Martínez	many social media followers
Carlo Ancelotti	many social media followers
Luis Suárez	many social media followers
Chris Evans	many social media followers
Ray Liotta	many social media followers
Ludwig van Beethoven	many social media followers
Charlize Theron	many social media followers
Kareem Abdul-Jabbar	many social media followers
Monica Bellucci	many social media followers
Greta Thunberg	many social media followers
Achraf Hakimi	many social media followers
Elliot Page	many social media followers
J. K. Rowling	many social media followers
Sergio Ramos	many social media followers
Antoine Griezmann	many social media followers
Tim Burton	many social media followers
Ed Sheeran	many social media followers
Bob Marley	many social media followers
Jeff Bezos	many social media followers
Snoop Dogg	many social media followers
Eva Mendes	many social media followers
Jennifer Coolidge	many social media followers
Austin Butler	many social media followers
Katy Perry	many social media followers
Mohamed Salah	many social media followers
Gwyneth Paltrow	many social media followers
Michael B. Jordan	many social media followers
Romelu Lukaku	many social media followers
Alexandra Daddario	many social media followers
Prince	many social media followers
Roger Federer	many social media followers
Marlon Brando	many social media followers
Demi Moore	many social media followers
Emilia Clarke	many social media followers
Khabib Nurmagomedov	many social media followers
Chester Bennington	many social media followers
Frank Sinatra	many social media followers
Courteney Cox	many social media followers
Gerard Piqué	many social media followers
Meryl Streep	many social media followers
Bill Clinton	many social media followers
Victoria Beckham	many social media followers
Reese Witherspoon	many social media followers
Charlie Sheen	many social media followers
Nikki Haley	many social media followers
Elizabeth Olsen	many social media followers
Channing Tatum	many social media followers
Bad Bunny	many social media followers
Eden Hazard	many social media followers
Jared Leto	many social media followers
Gigi Hadid	many social media followers
Olivia Rodrigo	many social media followers
Serena Williams	many social media followers
Morgan Freeman	many social media followers
Keira Knightley	many social media followers
Cameron Diaz	many social media followers
Chadwick Boseman	many social media followers
Kristen Stewart	many social media followers
Salman Khan	many social media followers
John Krasinski	many social media followers
Emma Stone	many social media followers
Giorgia Meloni	many social media followers
George Soros	many social media followers
Jean-Claude Van Damme	many social media followers
Jeremy Allen White	many social media followers
Colin Farrell	many social media followers
Jannik Sinner	many social media followers
Shubman Gill	many social media followers
Annie Wersching	many social media followers
Jason Kelce	many social media followers
Jane Fonda	many social media followers
Dave Bautista	many social media followers
Kate Beckinsale	many social media followers
Drew Barrymore	many social media followers
Mariah Carey	many social media followers
Sam Altman	many social media followers
George Foreman	many social media followers
Mick Jagger	many social media followers
Idris Elba	many social media followers
George Harrison	many social media followers
Stephen King	many social media followers
MS Dhoni	many social media followers
Mikhail Gorbachev	many social media followers
Emma Roberts	many social media followers
Jamie Foxx	many social media followers
Ozzy Osbourne	many social media followers
Thierry Henry	many social media followers
Ice Spice	many social media followers
Shia LaBeouf	many social media followers
George H. W. Bush	many social media followers
Paris Hilton	many social media followers
Rachel Zegler	many social media followers
Sofía Vergara	many social media followers
Adele	many social media followers
Bray Wyatt	many social media followers
Lily-Rose Depp	many social media followers
Sydney Sweeney	many social media followers
Lisa	many social media followers
Jeff Beck	many social media followers
Magic Johnson	many social media followers
Fernando Alonso	many social media followers
Canelo Álvarez	many social media followers
Olivia Wilde	many social media followers
Drake	many social media followers
Brie Larson	many social media followers
Rachel McAdams	many social media followers
Ken Block	many social media followers
Jordan Peterson	many social media followers
Justin Timberlake	many social media followers
Sam Smith	many social media followers
Bob Dylan	many social media followers
Lily Collins	many social media followers
Hugh Jackman	many social media followers
Harvey Weinstein	many social media followers
Aryna Sabalenka	many social media followers
Irina Shayk	many social media followers
Warren Buffett	many social media followers
Phil Collins	many social media followers
Brigitte Bardot	many social media followers
Woody Harrelson	many social media followers
Michelle Rodriguez	many social media followers
Johnny Cash	many social media followers
Antonio Banderas	many social media followers
Eddie Murphy	many social media followers
Brock Purdy	many social media followers
Steven Seagal	many social media followers
Chloë Grace Moretz	many social media followers
Elizabeth Taylor	many social media followers
Caitlyn Jenner	many social media followers
Kevin De Bruyne	many social media followers
Avicii	many social media followers
Roman Reigns	many social media followers
Cara Delevingne	many social media followers
Elizabeth Holmes	many social media followers
Stevie Nicks	many social media followers
Alec Baldwin	many social media followers
Jonah Hill	many social media followers
Anthony Hopkins	many social media followers
Kiara Advani	many social media followers
Christina Applegate	many social media followers
Kevin McCarthy	many social media followers
Natasha Lyonne	many social media followers
Jake Paul	many social media followers
Jack Black	many social media followers
A$AP Rocky	many social media followers
Gianluigi Buffon	many social media followers
Russell Crowe	many social media followers
Kaoru Mitoma	many social media followers
Gervonta Davis	many social media followers
Vijay	many social media followers
Lindsay Lohan	many social media followers
Francis Ngannou	many social media followers
Floyd Mayweather	many social media followers
Kevin Durant	many social media followers
Michael Caine	many social media followers
George Santos	many social media followers
Andrés Iniesta	many social media followers
Penélope Cruz	many social media followers
Hailey Bieber	many social media followers
Iga Świątek	many social media followers
Kim Petras	many social media followers
Giannis Antetokounmpo	many social media followers
Edward Norton	many social media followers
Magnus Carlsen	many social media followers
Zac Efron	many social media followers
Vanessa Kirby	many social media followers
Kendall Jenner	many social media followers
Pink	many social media followers
Mads Mikkelsen	many social media followers
Barbra Streisand	many social media followers
Aaron Rodgers	many social media followers
Ali Khamenei	many social media followers
Georgina Rodríguez	many social media followers
Deepika Padukone	many social media followers
İlkay Gündoğan	many social media followers
Rohit Sharma	many social media followers
The Notorious B.I.G.	many social media followers
Gareth Bale	many social media followers
Mesut Özil	many social media followers
Kris Jenner	many social media followers
Mary Elizabeth Winstead	many social media followers
Rupert Murdoch	many social media followers
Avril Lavigne	many social media followers
Yassine Bounou	many social media followers
O. J. Simpson	many social media followers
Kevin Spacey	many social media followers
Daniil Medvedev	many social media followers
Tom Sizemore	many social media followers
Katherine Heigl	many social media followers
Michelle Williams	many social media followers
Jimmy Buffett	many social media followers
Justin Trudeau	many social media followers
Travis Scott	many social media followers
Post Malone	many social media followers
Danny DeVito	many social media followers
Sergio Agüero	many social media followers
Zoë Kravitz	many social media followers
Bill Skarsgård	many social media followers
Taika Waititi	many social media followers
Woody Allen	many social media followers
Dani Alves	many social media followers
Ramzan Kadyrov	many social media followers
Guy Ritchie	many social media followers
Stanley Kubrick	many social media followers
Nick Jonas	many social media followers
Nicki Minaj	many social media followers
Sadio Mané	many social media followers
Bruce Springsteen	many social media followers
Sarah Jessica Parker	many social media followers
Vanessa Hudgens	many social media followers
Kevin Bacon	many social media followers
Zayn Malik	many social media followers
Bryan Cranston	many social media followers
50 Cent	many social media followers
Son Heung-min	many social media followers
Carrie Fisher	many social media followers
Robbie Williams	many social media followers
Sachin Tendulkar	many social media followers
Gordon Ramsay	many social media followers
Kaká	many social media followers
Ryuichi Sakamoto	many social media followers
Nick Cannon	many social media followers
Jimmy Butler	many social media followers
Dakota Fanning	many social media followers
Israel Adesanya	many social media followers
Naomi Watts	many social media followers
Hugh Grant	many social media followers
Chuck Norris	many social media followers
Ringo Starr	many social media followers
Jessica Chastain	many social media followers
Jimi Hendrix	many social media followers
Samuel L. Jackson	many social media followers
Kamala Harris	many social media followers
Uma Thurman	many social media followers
Armie Hammer	many social media followers
Jordan Belfort	many social media followers
Amanda Seyfried	many social media followers
Brittney Griner	many social media followers
Jerry Springer	many social media followers
Coco Lee	many social media followers
Wayne Rooney	many social media followers
Doja Cat	many social media followers
Liv Tyler	many social media followers
Angus Cloud	many social media followers
Chris Cornell	many social media followers
Zooey Deschanel	many social media followers
Till Lindemann	many social media followers
Abdullah II of Jordan	many social media followers
Michael Keaton	many social media followers
Gwendoline Christie	many social media followers
Madelyn Cline	many social media followers
Russell Brand	many social media followers
Charles Leclerc	many social media followers
Johann Sebastian Bach	many social media followers
Tommy Fury	many social media followers
Hailee Steinfeld	many social media followers
Ewan McGregor	many social media followers
Bruno Mars	many social media followers
Bobbi Kristina Brown	many social media followers
Mario Balotelli	many social media followers
Nina Dobrev	many social media followers
Kirsten Dunst	many social media followers
Sean Penn	many social media followers
Dolores O'Riordan	many social media followers
Jay-Z	many social media followers
David de Gea	many social media followers
Aishwarya Rai Bachchan	many social media followers
João Félix	many social media followers
Mackenyu	many social media followers
Shania Twain	many social media followers
Sam Bankman-Fried	many social media followers
Paulo Dybala	many social media followers
Kourtney Kardashian	many social media followers
Dick Van Dyke	many social media followers
Simon Cowell	many social media followers
Kemal Kılıçdaroğlu	many social media followers
Sarah Paulson	many social media followers
Roald Dahl	many social media followers
Maria Shriver	many social media followers
Halle Bailey	many social media followers
Anna Kendrick	many social media followers
Salman bin Abdulaziz Al Saud	many social media followers
Nayib Bukele	many social media followers
John Wayne	many social media followers
Freddie Highmore	many social media followers
Milla Jovovich	many social media followers
Edward Snowden	many social media followers
Logan Paul	many social media followers
Marcus Rashford	many social media followers
Jalen Hurts	many social media followers
Jason Bateman	many social media followers
Thomas Müller	many social media followers
Hulk Hogan	many social media followers
Alexander Volkanovski	many social media followers
Rosario Dawson	many social media followers
Eric Clapton	many social media followers
Anne Heche	many social media followers
Steve Carell	many social media followers
Emma Mackey	many social media followers
Karl Lagerfeld	many social media followers
Peso Pluma	many social media followers
Jann Mardenborough	many social media followers
Christine McVie	many social media followers
Jeffrey Dean Morgan	many social media followers
Paul Pogba	many social media followers
Yoko Ono	many social media followers
Coco Gauff	many social media followers
Tom Hiddleston	many social media followers
Tommy Lee	many social media followers
Nicholas Hoult	many social media followers
Christopher Lee	many social media followers
Dolph Lundgren	many social media followers
Prince Andrew Duke of York	many social media followers
Emily Ratajkowski	many social media followers
Gillian Anderson	many social media followers
Usain Bolt	many social media followers
Nayanthara	many social media followers
Jennifer Love Hewitt	many social media followers
Cardi B	many social media followers
Hunter Schafer	many social media followers
Rita Ora	many social media followers
Andy Murray	many social media followers
Tucker Carlson	many social media followers
Eva Longoria	many social media followers
Khamzat Chimaev	many social media followers
Jessica Alba	many social media followers
Mikel Arteta	many social media followers
Gisele Bündchen	many social media followers
Bobby Brown	many social media followers
Guillermo del Toro	many social media followers
Ben Stiller	many social media followers
Janelle Monáe	many social media followers
Amitabh Bachchan	many social media followers
Gwen Stefani	many social media followers
Halle Berry	many social media followers
Suki Waterhouse	many social media followers
Jet Li	many social media followers
Olivia Newton-John	many social media followers
Hans Zimmer	many social media followers
Melissa McCarthy	many social media followers
Will Poulter	many social media followers
Oleksandr Usyk	many social media followers
Travis Barker	many social media followers
Heidi Klum	many social media followers
Luka Dončić	many social media followers
Aaliyah	many social media followers
Josh Hutcherson	many social media followers
Elizabeth Banks	many social media followers
Mariska Hargitay	many social media followers
James Rodríguez	many social media followers
Malala Yousafzai	many social media followers
Tiger Woods	many social media followers
Jada Pinkett Smith	many social media followers
Selena	many social media followers
Julie Andrews	many social media followers
Axl Rose	many social media followers
Elsa Pataky	many social media followers
Tenzin Gyatso	many social media followers
Adrien Brody	many social media followers
Suzanne Somers	many social media followers
James Gunn	many social media followers
Kate Mara	many social media followers
Christina Aguilera	many social media followers
Joey King	many social media followers
David Attenborough	many social media followers
Karen Gillan	many social media followers
Cameron Boyce	many social media followers
Susan Sarandon	many social media followers
Melanie Lynskey	many social media followers
Kylie Minogue	many social media followers
Tony Bennett	many social media followers
Sam Claflin	many social media followers
Rashmika Mandanna	many social media followers
Ryan Reynolds	many social media followers
Marilyn Manson	many social media followers
Sacha Baron Cohen	many social media followers
Angela Bassett	many social media followers
Rob Lowe	many social media followers
Pom Klementieff	many social media followers
Venus Williams	many social media followers
Michael Sheen	many social media followers
Bella Hadid	many social media followers
Phoebe Waller-Bridge	many social media followers
Sinan Oğan	many social media followers
Dave Grohl	many social media followers
Ousmane Dembélé	many social media followers
Jessica Biel	many social media followers
Melanie Griffith	many social media followers
Giancarlo Esposito	many social media followers
Slash	many social media followers
The Undertaker	many social media followers
Bryce Dallas Howard	many social media followers
Willie Nelson	many social media followers
Banksy	many social media followers
Julia Louis-Dreyfus	many social media followers
Dennis Rodman	many social media followers
M. Night Shyamalan	many social media followers
Ian McKellen	many social media followers
Brock Lesnar	many social media followers
Brandon Lee	many social media followers
Mohammed bin Rashid Al Maktoum	many social media followers
Jack Grealish	many social media followers
Imran Khan	many social media followers
Kyrie Irving	many social media followers
Mayim Bialik	many social media followers
Christian Atsu	many social media followers
Grimes	many social media followers
Joe Alwyn	many social media followers
Alejandro Garnacho	many social media followers
Ryan Garzzi	many social media followers
Goldie Hawn	many social media followers
Treat Williams	many social media followers
Frédéric Chopin	many social media followers
Thomas Tuchel	many social media followers
Boris Johnson	many social media followers
Harry Belafonte	many social media followers
Sharon Stone	many social media followers
Lenny Kravitz	many social media followers
Viola Davis	many social media followers
Shinzō Abe	many social media followers
Antony Blinken	many social media followers
Dianne Feinstein	many social media followers
Luiz Inácio Lula da Silva	many social media followers
Anna Faris	many social media followers
Sting	many social media followers
Saoirse Ronan	many social media followers
Rod Stewart	many social media followers
Matt Rife	many social media followers
John Mulaney	many social media followers
Joe Rogan	many social media followers
Steve Martin	many social media followers
Katrina Kaif	many social media followers
Rosé	many social media followers
Niall Horan	many social media followers
Queen Rania of Jordan	many social media followers
Kiefer Sutherland	many social media followers
Barbara Walters	many social media followers
Bukayo Saka	many social media followers
David Harbour	many social media followers
Mauro Icardi	many social media followers
David Schwimmer	many social media followers
Anthony Bourdain	many social media followers
Tyler Perry	many social media followers
Matt LeBlanc	many social media followers
Tobey Maguire	many social media followers
Stevie Wonder	many social media followers
Akshay Kumar	many social media followers
Jon Voight	many social media followers
Juliette Lewis	many social media followers
Linda Cardellini	many social media followers
Chris Rock	many social media followers
Rob McElhenney	many social media followers
Katherine Schwarzenegger	many social media followers
Ano	many social media followers
Shailene Woodley	many social media followers
Mahmoud Abbas	many social media followers
Joe Burrow	many social media followers
Ursula von der Leyen	many social media followers
Jelly Roll	many social media followers
Miles Teller	many social media followers
Lionel Richie	many social media followers
Whoopi Goldberg	many social media followers
Jamie Dornan	many social media followers
Yusra Mardini	many social media followers
Mac Miller	many social media followers
Bob Ross	many social media followers
Christopher Lloyd	many social media followers
Edinson Cavani	many social media followers
Lauren Boebert	many social media followers
Jamal Musiala	many social media followers
Dr. Dre	many social media followers
6ix9ine	many social media followers
Harry Maguire	many social media followers
Jamie Lynn Spears	many social media followers
Luke Evans	many social media followers
R. Kelly	many social media followers
Vera Farmiga	many social media followers
Sally Field	many social media followers
Chris Brown	many social media followers
Andrea Bocelli	many social media followers
Aretha Franklin	many social media followers
Luis Enrique	many social media followers
Janis Joplin	many social media followers
N'Golo Kanté	many social media followers
Taron Egerton	many social media followers
Hayden Panettiere	many social media followers
Ons Jabeur	many social media followers
Alexis Sánchez	many social media followers
Jon Bon Jovi	many social media followers
Salomon Morales	many social media followers
André Onana	many social media followers
Jon Bernthal	many social media followers
Thibaut Courtois	many social media followers
Toni Kroos	many social media followers
Triple H	many social media followers
Ashley Johnson	many social media followers
Bobby Charlton	many social media followers
Vince McMahon	many social media followers
Sidharth Malhotra	many social media followers
Hilary Swank	many social media followers
IU	many social media followers
Marisa Tomei	many social media followers
Bob Odenkirk	many social media followers
Sarah Michelle Gellar	many social media followers
Yu Darvish	many social media followers
Ali Wong	many social media followers
Lisa Kudrow	many social media followers
Julianne Moore	many social media followers
Barry Keoghan	many social media followers
Evan Peters	many social media followers
Tammy Wynette	many social media followers
Sean Combs	many social media followers
Keke Palmer	many social media followers
Sia	many social media followers
Awkwafina	many social media followers
Michael Oher	many social media followers
Brooklyn Beckham	many social media followers
Kevin Hart	many social media followers
Lil Wayne	many social media followers
Jane Austen	many social media followers
Diane Keaton	many social media followers
Manuel Neuer	many social media followers
Rhea Ripley	many social media followers
Donnie Yen	many social media followers
Joe Jonas	many social media followers
Anna Sorokin	many social media followers
Stefanos Tsitsipas	many social media followers
Rhea Perlman	many social media followers
Stan Lee	many social media followers
Nicole Scherzinger	many social media followers
Charlotte Gainsbourg	many social media followers
Nicola Peltz	many social media followers
Machine Gun Kelly	many social media followers
Rajinikanth	many social media followers
Shannen Doherty	many social media followers
SZA	many social media followers
Richard Madden	many social media followers
Ben Shapiro	many social media followers
Kristen Bell	many social media followers
Anthony Joshua	many social media followers
Rosalía	many social media followers
Pierre-Emerick Aubameyang	many social media followers
Marcelo	many social media followers
David Lynch	many social media followers
James Harden	many social media followers
Xabi Alonso	many social media followers
Casemiro	many social media followers
Suge Knight	many social media followers
Amanda Bynes	many social media followers
Burt Bacharach	many social media followers
Sridevi	many social media followers
Josh Duhamel	many social media followers
Masataka Yoshida	many social media followers
Roger Waters	many social media followers
Jack Quaid	many social media followers
Marcus Thuram	many social media followers
Khloé Kardashian	many social media followers
Nathan Fillion	many social media followers
Alexander Zverev	many social media followers
Loreen	many social media followers
Lee Jun-ho	many social media followers
Andrew Ridgeley	many social media followers
Morgan Wallen	many social media followers
Elly Schlein	many social media followers
Norman Reedus	many social media followers
Lizzo	many social media followers
Seth Rogen	many social media followers
Jensen Ackles	many social media followers
Rey Mysterio	many social media followers
Tamim bin Hamad Al Thani	many social media followers
Marvin Gaye	many social media followers
Park Seo-joon	many social media followers
William Shatner	many social media followers
Christian Pulisic	many social media followers
Olga Kurylenko	many social media followers
Steve Harvey	many social media followers
Riyad Mahrez	many social media followers
H. P. Lovecraft	many social media followers
Bella Thorne	many social media followers
Elle Fanning	many social media followers
Barry Gibb	many social media followers
Eduardo Camavinga	many social media followers
Alan Ritchson	many social media followers
Tom Jones	many social media followers
Terence Crawford	many social media followers
Kai Havertz	many social media followers
Dwyane Wade	many social media followers
Pepe	many social media followers
Virgil van Dijk	many social media followers
Enrique Iglesias	many social media followers
Mason Greenwood	many social media followers
Don Johnson	many social media followers
Patrick Stewart	many social media followers
Carmelo Anthony	many social media followers
Golshifteh Farahani	many social media followers
Daniel Ricciardo	many social media followers
Alison Brie	many social media followers
Ian Somerhalder	many social media followers
Sundar Pichai	many social media followers
Janet Jackson	many social media followers
Hrithik Roshan	many social media followers
Aaron Paul	many social media followers
Oprah Winfrey	many social media followers
Juice WRLD	many social media followers
Alicia Silverstone	many social media followers
Maya Hawke	many social media followers
Lainey Wilson	many social media followers
Richarlison	many social media followers
Keith Richards	many social media followers
Demi Lovato	many social media followers
Samantha Ruth Prabhu	many social media followers
Rashida Jones	many social media followers
Steven Tyler	many social media followers
Nancy Pelosi	many social media followers
Fran Drescher	many social media followers
Marc Anthony	many social media followers
Matty Healy	many social media followers
Jeremy Clarkson	many social media followers
Sergio Busquets	many social media followers
Ron Howard	many social media followers
Liev Schreiber	many social media followers
Atlee	many social media followers
Laura Dern	many social media followers
Robin Wright	many social media followers
Jenny McCarthy	many social media followers
Paul Simon	many social media followers
Lee Do-hyun	many social media followers
Lana Rhoades	many social media followers
Phil Foden	many social media followers
Didier Drogba	many social media followers
Billy Joel	many social media followers
Mindy Kaling	many social media followers
Tracy Chapman	many social media followers
Björk	many social media followers
Donald Glover	many social media followers
Declan Rice	many social media followers
Patrick J. Adams	many social media followers
Joe Manganiello	many social media followers
Alexei Navalny	many social media followers
Dean Martin	many social media followers
Lee Min-ho	many social media followers
YNW Melly	many social media followers
Emmy Rossum	many social media followers
Alexis Bledel	many social media followers
Martin Ødegaard	many social media followers
Rahul Gandhi	many social media followers
Rosie Huntington-Whiteley	many social media followers
Talulah Riley	many social media followers
Russell Westbrook	many social media followers
Neal Mohan	many social media followers
Jaden Smith	many social media followers
Scott Adkins	many social media followers
Karol G	many social media followers
Brian May	many social media followers
Kelly Clarkson	many social media followers
Aamir Khan	many social media followers
Camila Morrone	many social media followers
Edin Džeko	many social media followers
Courtney Love	many social media followers
Mckenna Grace	many social media followers
Joshua Dobbs	many social media followers
David Crosby	many social media followers
Katee Sackhoff	many social media followers
Roberto Carlos	many social media followers
Leighton Meester	many social media followers
Liz Truss	many social media followers
Justin Long	many social media followers
Joselu	many social media followers
Rui Hachimura	many social media followers
Cole Sprouse	many social media followers
Hillary Clinton	many social media followers
Seth MacFarlane	many social media followers
Seal	many social media followers
Petr Pavel	many social media followers
Cody Rhodes	many social media followers
Lucy Liu	many social media followers
Patrick Dempsey	many social media followers
Sam Neill	many social media followers
Reba McEntire	many social media followers
Rufus Sewell	many social media followers
Eiji Akaso	many social media followers
Serge Gainsbourg	many social media followers
Mitch McConnell	many social media followers
Jeff Bridges	many social media followers
Michael Cera	many social media followers
Brigitte Nielsen	many social media followers
Hugh Laurie	many social media followers
Sam Kerr	many social media followers
Chris Paul	many social media followers
Kelsey Grammer	many social media followers
Bridget Moynahan	many social media followers
Vivienne Westwood	many social media followers
Anushka Sharma	many social media followers
David	many social media followers
Kendrick Lamar	many social media followers
Steven Yeun	many social media followers
Jennette McCurdy	many social media followers
Mary Steenburgen	many social media followers
Marjorie Taylor Greene	many social media followers
Nick Offerman	many social media followers
Andre Agassi	many social media followers
Diane Morgan	many social media followers
Dylan Sprouse	many social media followers
Milo Ventimiglia	many social media followers
Phoebe Bridgers	many social media followers
Johnny Sins	many social media followers
Denise Richards	many social media followers
Fumio Kishida	many social media followers
Franz Beckenbauer	many social media followers
Alice Cooper	many social media followers
Jon Rahm	many social media followers
Kim Basinger	many social media followers
Jon Favreau	many social media followers
Dele Alli	many social media followers
Sunny Deol	many social media followers
Mel Brooks	many social media followers
Hilary Duff	many social media followers
Damian Lewis	many social media followers
Olaf Scholz	many social media followers
Mark Hamill	many social media followers
Samuel Eto'o	many social media followers
Halsey	many social media followers
Raghav Chadha	many social media followers
Terry Crews	many social media followers
Tamannaah Bhatia	many social media followers
America Ferrera	many social media followers
Danny Trejo	many social media followers
Ronda Rousey	many social media followers
Sarah Rafferty	many social media followers
Elijah Wood	many social media followers
Manny Pacquiao	many social media followers
Aaron Carter	many social media followers
Sadie Sink	many social media followers
Joseph Gordon-Levitt	many social media followers
Gary Lineker	many social media followers
Megan Thee Stallion	many social media followers
Elisabeth Shue	many social media followers
Kajol	many social media followers
Evangeline Lilly	many social media followers
Dennis Schröder	many social media followers
Lena Headey	many social media followers
Eric Roberts	many social media followers
Michael Phelps	many social media followers
Asa Butterfield	many social media followers
Theo Von	many social media followers
Brenda Song	many social media followers
Cheryl Hines	many social media followers
Bill Cosby	many social media followers
Scott Eastwood	many social media followers
Debbie Harry	many social media followers
Zachary Levi	many social media followers
Holland Taylor	many social media followers
Meghan Trainor	many social media followers
Geri Horner	many social media followers
David Arquette	many social media followers
Tom Felton	many social media followers
Olivia Munn	many social media followers
Yua Mikami	many social media followers
IShowSpeed	many social media followers
James Norton	many social media followers
Sergio Pérez	many social media followers
Will Arnett	many social media followers
Buzz Aldrin	many social media followers
Tony Blair	many social media followers
Jair Bolsonaro	many social media followers
Carla Gugino	many social media followers
Emily Rudd	many social media followers
Fergie	many social media followers
Patrick Schwarzenegger	many social media followers
Freddie Prinze Jr.	many social media followers
Frank Zappa	many social media followers
Alanis Morissette	many social media followers
Johnny Manziel	many social media followers
Angela White	many social media followers
Julio Iglesias	many social media followers
Thandiwe Newton	many social media followers
Rob Schneider	many social media followers
Helen Hunt	many social media followers
Brett Goldstein	many social media followers
Jack Antonoff	many social media followers
Shemar Moore	many social media followers
Mason Mount	many social media followers
Dwight Howard	many social media followers
Diana Ross	many social media followers
Luis Miguel	many social media followers
Théo Hernandez	many social media followers
Mark Ruffalo	many social media followers
Stormy Daniels	many social media followers
Memphis Depay	many social media followers
Patricia Arquette	many social media followers
Álvaro Morata	many social media followers
Nicole Richie	many social media followers
Nora Fatehi	many social media followers
Luc Besson	many social media followers
Kaia Gerber	many social media followers
Luís Figo	many social media followers
Morena Baccarin	many social media followers
Naomi Campbell	many social media followers
Mia Farrow	many social media followers
Bárbara de Regil	many social media followers
Rita Moreno	many social media followers
Megan Rapinoe	many social media followers
Donnie Wahlberg	many social media followers
Cobie Smulders	many social media followers
Sanna Marin	many social media followers
David Duchovny	many social media followers
Omar Sy	many social media followers
CM Punk	many social media followers
Quincy Jones	many social media followers
Robert Plant	many social media followers
Sean Astin	many social media followers
Paul Bettany	many social media followers
Bono	many social media followers
Camila Cabello	many social media followers
Cat Stevens	many social media followers
Jordan Peele	many social media followers
Salt Bae	many social media followers
Kyra Sedgwick	many social media followers
Kim Cattrall	many social media followers
Mira Sorvino	many social media followers
Rory McIlroy	many social media followers
John Cusack	many social media followers
Dulquer Salmaan	many social media followers
Bernardo Silva	many social media followers
